transaction_id,customer_id,policy_id,investment_id,transaction_type,amount,transaction_date,payment_method,status,reference_number
TXN-000001,CUS-0171,,INV-00196,Investment Purchase,5168.02,2021-03-17,EFT,Completed,REF-87259150
TXN-000002,CUS-0196,POL-00381,,Premium Payment,1667.46,2024-01-17,Wire,Completed,REF-62847572
TXN-000003,CUS-0011,,INV-00178,Investment Redemption,32530.88,2024-12-08,EFT,Pending,REF-63511633
TXN-000004,CUS-0161,,,Fee,374.75,2024-11-03,EFT,Completed,REF-38996335
TXN-000005,CUS-0007,,INV-00169,Investment Purchase,10781.62,2024-08-15,Wire,Pending,REF-44026103
TXN-000006,CUS-0175,POL-00341,,Claim Payout,6453.68,2023-12-14,Credit Card,Reversed,REF-47128982
TXN-000007,CUS-0013,POL-00021,,Claim Payout,23181.13,2022-12-13,Credit Card,Completed,REF-38102644
TXN-000008,CUS-0141,,INV-00165,Investment Purchase,74329.77,2023-11-28,Credit Card,Completed,REF-77086906
TXN-000009,CUS-0086,,,Fee,182.38,2026-01-13,Credit Card,Completed,REF-52484493
TXN-000010,CUS-0026,,,Fee,457.94,2021-01-05,Cheque,Completed,REF-93456546
TXN-000011,CUS-0048,POL-00086,,Claim Payout,10506.38,2025-06-11,Wire,Completed,REF-58514771
TXN-000012,CUS-0044,,INV-00166,Investment Redemption,1288.4,2022-02-16,Cheque,Completed,REF-85151359
TXN-000013,CUS-0102,,INV-00039,Investment Purchase,20663.34,2021-01-05,Wire,Completed,REF-45348929
TXN-000014,CUS-0088,POL-00163,,Premium Payment,1372.68,2024-06-13,Wire,Completed,REF-23908449
TXN-000015,CUS-0189,,,Fee,409.14,2023-04-18,EFT,Completed,REF-53464571
TXN-000016,CUS-0114,,INV-00021,Dividend,1267.22,2021-09-26,Cheque,Completed,REF-13537870
TXN-000017,CUS-0178,POL-00346,,Claim Payout,145243.15,2022-10-01,Wire,Pending,REF-96959001
TXN-000018,CUS-0038,,,Fee,16.08,2022-09-25,Wire,Reversed,REF-68914857
TXN-000019,CUS-0142,POL-00272,,Claim Payout,7995.11,2024-08-15,Wire,Completed,REF-94188755
TXN-000020,CUS-0100,,INV-00134,Investment Purchase,70967.85,2024-01-30,Cheque,Pending,REF-67890079
TXN-000021,CUS-0061,POL-00110,,Claim Payout,27248.27,2020-11-11,Credit Card,Reversed,REF-53172816
TXN-000022,CUS-0180,,,Fee,130.98,2026-01-13,EFT,Completed,REF-78109300
TXN-000023,CUS-0138,,INV-00161,Investment Redemption,5687.98,2022-07-22,Credit Card,Completed,REF-72449688
TXN-000024,CUS-0014,POL-00023,,Premium Payment,362.2,2024-11-28,Wire,Completed,REF-18678217
TXN-000025,CUS-0044,,INV-00012,Dividend,2821.8,2026-04-08,Cheque,Completed,REF-73971718
TXN-000026,CUS-0038,,,Fee,41.25,2023-12-22,Cheque,Completed,REF-86471037
TXN-000027,CUS-0187,POL-00364,,Premium Payment,2847.6,2025-07-03,Credit Card,Completed,REF-63183240
TXN-000028,CUS-0116,POL-00219,,Premium Payment,2537.16,2026-01-14,Cheque,Completed,REF-54363421
TXN-000029,CUS-0131,POL-00251,,Premium Payment,56.57,2021-08-13,Cheque,Completed,REF-10909370
TXN-000030,CUS-0014,,INV-00184,Dividend,2957.87,2020-10-17,Wire,Completed,REF-31636866
TXN-000031,CUS-0064,,INV-00092,Investment Redemption,41869.1,2020-04-30,Wire,Completed,REF-26039031
TXN-000032,CUS-0025,POL-00045,,Premium Payment,91.2,2024-05-05,Wire,Pending,REF-73673905
TXN-000033,CUS-0088,POL-00162,,Premium Payment,4507.08,2021-01-27,Credit Card,Completed,REF-67762060
TXN-000034,CUS-0128,,,Fee,54.46,2022-12-03,Credit Card,Completed,REF-57137357
TXN-000035,CUS-0163,,INV-00042,Dividend,1731.61,2021-01-20,EFT,Completed,REF-91357341
TXN-000036,CUS-0143,POL-00276,,Premium Payment,4569.6,2024-03-08,EFT,Completed,REF-81017414
TXN-000037,CUS-0084,POL-00156,,Premium Payment,1528.8,2023-06-08,Cheque,Completed,REF-19313264
TXN-000038,CUS-0049,,INV-00256,Dividend,949.84,2022-06-13,EFT,Reversed,REF-30759612
TXN-000039,CUS-0147,,INV-00091,Investment Purchase,89252.24,2021-12-28,Wire,Completed,REF-14072389
TXN-000040,CUS-0138,,INV-00062,Investment Purchase,80913.28,2023-06-30,EFT,Failed,REF-56849237
TXN-000041,CUS-0152,,INV-00266,Investment Purchase,17571.15,2021-02-12,Credit Card,Completed,REF-92301184
TXN-000042,CUS-0117,,INV-00281,Dividend,4167.26,2025-01-08,EFT,Failed,REF-55411755
TXN-000043,CUS-0037,POL-00068,,Premium Payment,3246.96,2025-07-03,Wire,Completed,REF-15582167
TXN-000044,CUS-0123,POL-00235,,Claim Payout,6933.64,2021-02-08,EFT,Pending,REF-99055153
TXN-000045,CUS-0135,,INV-00289,Investment Purchase,57933.59,2025-12-18,Credit Card,Completed,REF-47924770
TXN-000046,CUS-0115,POL-00217,,Premium Payment,97.92,2023-04-14,Wire,Failed,REF-64255917
TXN-000047,CUS-0022,POL-00041,,Claim Payout,1679.79,2021-03-03,Wire,Completed,REF-91827614
TXN-000048,CUS-0128,POL-00245,,Claim Payout,265814.21,2020-08-13,EFT,Completed,REF-35243522
TXN-000049,CUS-0079,,INV-00293,Dividend,2736.8,2023-07-08,EFT,Completed,REF-16336089
TXN-000050,CUS-0099,,INV-00097,Dividend,1791.24,2026-01-11,Wire,Completed,REF-78232914
TXN-000051,CUS-0046,,INV-00261,Investment Purchase,37711.57,2020-07-02,EFT,Failed,REF-71368875
TXN-000052,CUS-0057,,INV-00164,Dividend,411.17,2022-04-13,EFT,Completed,REF-16071188
TXN-000053,CUS-0053,,INV-00060,Dividend,4625.35,2020-01-20,Cheque,Failed,REF-33764288
TXN-000054,CUS-0059,,INV-00191,Dividend,4592.04,2024-07-04,Credit Card,Completed,REF-90363084
TXN-000055,CUS-0172,POL-00334,,Premium Payment,166.65,2024-09-27,Cheque,Completed,REF-37498028
TXN-000056,CUS-0168,,INV-00140,Dividend,2075.56,2020-02-11,Wire,Completed,REF-60617768
TXN-000057,CUS-0049,POL-00087,,Premium Payment,2215.32,2022-11-04,Wire,Completed,REF-15610213
TXN-000058,CUS-0115,,INV-00066,Investment Purchase,66633.34,2022-07-02,EFT,Completed,REF-25472405
TXN-000059,CUS-0126,POL-00240,,Premium Payment,568.92,2022-01-21,Credit Card,Completed,REF-44426734
TXN-000060,CUS-0184,,INV-00204,Dividend,1459.79,2023-03-19,Cheque,Completed,REF-24561556
TXN-000061,CUS-0102,,INV-00104,Investment Redemption,47535.35,2026-03-22,Credit Card,Pending,REF-27061090
TXN-000062,CUS-0010,,INV-00241,Investment Purchase,48403.16,2021-04-01,Wire,Completed,REF-34760262
TXN-000063,CUS-0178,POL-00344,,Premium Payment,1060.53,2022-09-17,Cheque,Completed,REF-68801935
TXN-000064,CUS-0114,,INV-00022,Investment Redemption,33312.4,2025-08-24,Credit Card,Completed,REF-38243618
TXN-000065,CUS-0012,,INV-00292,Investment Redemption,1203.45,2021-09-17,Cheque,Completed,REF-33559104
TXN-000066,CUS-0052,POL-00093,,Claim Payout,22087.12,2024-05-21,Cheque,Completed,REF-77859758
TXN-000067,CUS-0048,POL-00086,,Premium Payment,1116.63,2023-10-07,Wire,Completed,REF-13397006
TXN-000068,CUS-0018,,,Fee,423.28,2025-12-04,Credit Card,Completed,REF-29241916
TXN-000069,CUS-0082,,INV-00030,Investment Purchase,12025.21,2020-09-23,EFT,Completed,REF-93025237
TXN-000070,CUS-0186,,INV-00165,Investment Redemption,18833.42,2021-08-10,Credit Card,Failed,REF-10792100
TXN-000071,CUS-0145,POL-00281,,Claim Payout,37277.39,2024-05-06,EFT,Completed,REF-40134305
TXN-000072,CUS-0010,,INV-00289,Investment Redemption,27506.34,2020-03-22,Wire,Completed,REF-86704340
TXN-000073,CUS-0073,,INV-00199,Investment Purchase,45517.45,2022-08-31,Cheque,Completed,REF-56324745
TXN-000074,CUS-0163,,INV-00233,Dividend,2421.69,2021-09-19,Cheque,Completed,REF-40043274
TXN-000075,CUS-0164,POL-00319,,Premium Payment,348.21,2024-05-10,Credit Card,Reversed,REF-59402605
TXN-000076,CUS-0111,,INV-00154,Investment Redemption,7627.2,2025-02-26,Credit Card,Completed,REF-63986524
TXN-000077,CUS-0161,POL-00314,,Premium Payment,1720.08,2022-05-02,Wire,Failed,REF-66066184
TXN-000078,CUS-0116,POL-00219,,Claim Payout,47642.52,2025-03-13,Cheque,Completed,REF-99304909
TXN-000079,CUS-0186,POL-00362,,Claim Payout,12677.35,2022-02-21,Cheque,Completed,REF-72193264
TXN-000080,CUS-0196,,INV-00210,Investment Purchase,38106.85,2023-06-11,Credit Card,Completed,REF-73113531
TXN-000081,CUS-0167,POL-00326,,Premium Payment,481.03,2023-05-15,Wire,Failed,REF-16829764
TXN-000082,CUS-0087,POL-00160,,Premium Payment,1127.73,2024-04-23,Wire,Failed,REF-34201500
TXN-000083,CUS-0007,,INV-00106,Dividend,1960.55,2021-12-06,Credit Card,Completed,REF-96065526
TXN-000084,CUS-0051,POL-00091,,Claim Payout,9187.37,2024-08-11,Credit Card,Completed,REF-27522806
TXN-000085,CUS-0125,,INV-00162,Investment Redemption,30712.72,2025-12-13,EFT,Completed,REF-23027791
TXN-000086,CUS-0022,,INV-00011,Investment Redemption,929.1,2020-08-04,EFT,Completed,REF-52049592
TXN-000087,CUS-0092,,INV-00104,Dividend,3730.74,2022-05-22,EFT,Completed,REF-58712990
TXN-000088,CUS-0081,,INV-00299,Investment Purchase,90547.0,2025-01-03,Credit Card,Completed,REF-48888385
TXN-000089,CUS-0144,POL-00278,,Premium Payment,5105.28,2021-09-14,EFT,Completed,REF-81444791
TXN-000090,CUS-0105,,INV-00082,Dividend,2830.24,2025-04-07,Cheque,Completed,REF-43472531
TXN-000091,CUS-0170,,INV-00076,Dividend,4550.46,2021-02-01,Credit Card,Completed,REF-61130128
TXN-000092,CUS-0123,POL-00232,,Claim Payout,104890.82,2020-03-22,Cheque,Completed,REF-69181497
TXN-000093,CUS-0047,,INV-00230,Investment Purchase,89504.82,2025-07-07,Cheque,Failed,REF-55604049
TXN-000094,CUS-0095,,INV-00036,Dividend,927.32,2023-05-14,Credit Card,Completed,REF-24894384
TXN-000095,CUS-0172,,INV-00101,Dividend,4809.8,2023-08-06,EFT,Completed,REF-57608618
TXN-000096,CUS-0127,,INV-00009,Investment Purchase,62564.36,2024-09-07,Cheque,Reversed,REF-43918937
TXN-000097,CUS-0072,POL-00132,,Premium Payment,707.4,2025-06-28,Credit Card,Completed,REF-16980807
TXN-000098,CUS-0180,,INV-00157,Investment Purchase,27048.23,2024-11-08,Cheque,Completed,REF-98139894
TXN-000099,CUS-0021,POL-00039,,Claim Payout,13456.86,2026-03-08,EFT,Completed,REF-86994349
TXN-000100,CUS-0098,POL-00183,,Premium Payment,165.51,2025-04-09,EFT,Completed,REF-46276862
TXN-000101,CUS-0086,,INV-00188,Investment Purchase,80511.46,2024-10-04,Cheque,Completed,REF-27762391
TXN-000102,CUS-0185,,INV-00134,Dividend,2784.29,2025-06-25,EFT,Completed,REF-70381095
TXN-000103,CUS-0022,,INV-00164,Dividend,4314.32,2021-04-09,Credit Card,Completed,REF-24367955
TXN-000104,CUS-0046,POL-00084,,Premium Payment,70.45,2020-09-23,Credit Card,Completed,REF-21728894
TXN-000105,CUS-0003,,,Fee,364.32,2023-10-29,EFT,Pending,REF-30970686
TXN-000106,CUS-0118,,INV-00170,Investment Purchase,78827.03,2021-03-09,EFT,Completed,REF-28618004
TXN-000107,CUS-0191,POL-00369,,Premium Payment,169.03,2022-01-30,EFT,Completed,REF-10515548
TXN-000108,CUS-0176,POL-00342,,Claim Payout,10905.84,2020-11-21,Credit Card,Completed,REF-73893558
TXN-000109,CUS-0182,,,Fee,494.09,2022-02-01,EFT,Completed,REF-69393536
TXN-000110,CUS-0002,POL-00002,,Premium Payment,1193.76,2021-12-21,Cheque,Reversed,REF-29312960
TXN-000111,CUS-0148,,,Fee,486.63,2021-05-22,EFT,Completed,REF-35259577
TXN-000112,CUS-0083,POL-00152,,Premium Payment,3935.88,2021-10-27,Cheque,Completed,REF-90739206
TXN-000113,CUS-0164,POL-00320,,Claim Payout,159165.94,2022-06-12,Cheque,Completed,REF-42315695
TXN-000114,CUS-0168,,INV-00129,Investment Purchase,28863.46,2021-10-22,EFT,Completed,REF-76293229
TXN-000115,CUS-0188,POL-00365,,Premium Payment,96.17,2024-10-27,Wire,Completed,REF-11610470
TXN-000116,CUS-0173,,INV-00046,Dividend,1626.07,2024-01-20,EFT,Completed,REF-86396882
TXN-000117,CUS-0082,POL-00151,,Premium Payment,21.7,2024-01-06,Wire,Completed,REF-59720070
TXN-000118,CUS-0196,POL-00382,,Claim Payout,6243.7,2023-07-07,Credit Card,Completed,REF-40616624
TXN-000119,CUS-0011,,INV-00181,Investment Purchase,41563.51,2025-03-05,Wire,Completed,REF-72226540
TXN-000120,CUS-0119,,,Fee,231.57,2021-08-04,Wire,Completed,REF-66317377
TXN-000121,CUS-0036,,INV-00163,Dividend,1938.21,2021-09-03,EFT,Completed,REF-68301666
TXN-000122,CUS-0170,,INV-00089,Investment Redemption,7976.41,2022-01-23,EFT,Completed,REF-62518275
TXN-000123,CUS-0070,POL-00128,,Claim Payout,10288.95,2025-07-30,Cheque,Completed,REF-83729641
TXN-000124,CUS-0049,POL-00087,,Premium Payment,2215.32,2025-08-06,Credit Card,Completed,REF-75409954
TXN-000125,CUS-0016,,INV-00181,Dividend,4809.13,2020-10-01,Wire,Reversed,REF-91579904
TXN-000126,CUS-0061,POL-00110,,Premium Payment,565.06,2022-06-05,EFT,Completed,REF-51340090
TXN-000127,CUS-0087,,INV-00160,Investment Purchase,68721.7,2024-10-23,Credit Card,Completed,REF-81086637
TXN-000128,CUS-0186,POL-00363,,Premium Payment,9004.44,2021-06-08,Wire,Completed,REF-18472493
TXN-000129,CUS-0095,POL-00177,,Premium Payment,891.03,2022-10-05,Cheque,Completed,REF-41331564
TXN-000130,CUS-0081,,INV-00244,Dividend,3944.69,2026-03-23,Cheque,Completed,REF-36088942
TXN-000131,CUS-0083,,INV-00294,Dividend,4857.12,2022-07-26,Credit Card,Completed,REF-43433510
TXN-000132,CUS-0121,POL-00228,,Claim Payout,22686.33,2023-07-07,EFT,Completed,REF-61558846
TXN-000133,CUS-0160,,INV-00165,Investment Redemption,4524.73,2025-07-03,Cheque,Completed,REF-18982581
TXN-000134,CUS-0200,POL-00391,,Claim Payout,6384.34,2023-02-05,Cheque,Completed,REF-17921698
TXN-000135,CUS-0058,POL-00106,,Claim Payout,109338.72,2023-09-02,Wire,Completed,REF-85413975
TXN-000136,CUS-0070,POL-00128,,Premium Payment,1779.12,2025-06-08,Credit Card,Reversed,REF-96683389
TXN-000137,CUS-0153,POL-00298,,Premium Payment,116.4,2021-05-08,EFT,Completed,REF-36164817
TXN-000138,CUS-0130,,INV-00145,Investment Purchase,25574.42,2024-03-20,EFT,Completed,REF-50020641
TXN-000139,CUS-0037,POL-00068,,Premium Payment,3246.96,2020-04-13,Wire,Completed,REF-20564233
TXN-000140,CUS-0199,POL-00389,,Claim Payout,7494.93,2025-01-03,Credit Card,Completed,REF-89704535
TXN-000141,CUS-0081,POL-00149,,Claim Payout,2486.06,2023-01-25,Credit Card,Completed,REF-91408752
TXN-000142,CUS-0042,POL-00075,,Claim Payout,16478.78,2020-03-10,Cheque,Completed,REF-84165377
TXN-000143,CUS-0037,POL-00068,,Claim Payout,9434.87,2024-03-16,Wire,Completed,REF-96748718
TXN-000144,CUS-0046,POL-00084,,Premium Payment,70.45,2020-05-21,Cheque,Completed,REF-85915813
TXN-000145,CUS-0011,,INV-00262,Investment Redemption,3265.03,2021-06-24,EFT,Completed,REF-28778595
TXN-000146,CUS-0134,POL-00256,,Premium Payment,294.78,2022-08-20,Cheque,Completed,REF-57926605
TXN-000147,CUS-0106,POL-00198,,Premium Payment,62.8,2020-10-11,EFT,Completed,REF-80421269
TXN-000148,CUS-0102,POL-00192,,Claim Payout,221282.59,2026-02-23,Credit Card,Pending,REF-70196402
TXN-000149,CUS-0196,POL-00382,,Premium Payment,43.34,2022-07-20,EFT,Completed,REF-17044162
TXN-000150,CUS-0179,,INV-00116,Investment Purchase,48390.63,2020-06-21,Credit Card,Completed,REF-30485751
TXN-000151,CUS-0036,,INV-00257,Dividend,1631.32,2024-05-06,Wire,Completed,REF-12584460
TXN-000152,CUS-0075,,INV-00253,Investment Purchase,3327.8,2024-08-26,EFT,Completed,REF-36860242
TXN-000153,CUS-0054,,INV-00118,Investment Purchase,58691.18,2020-01-30,EFT,Completed,REF-88058777
TXN-000154,CUS-0131,,,Fee,450.3,2021-11-03,Credit Card,Completed,REF-81971570
TXN-000155,CUS-0161,POL-00314,,Premium Payment,1720.08,2022-12-24,Wire,Completed,REF-31456491
TXN-000156,CUS-0194,,,Fee,307.73,2023-10-02,Cheque,Completed,REF-62698234
TXN-000157,CUS-0074,POL-00137,,Premium Payment,271.8,2020-04-28,Wire,Completed,REF-37459613
TXN-000158,CUS-0011,POL-00017,,Premium Payment,1371.24,2021-03-13,Credit Card,Completed,REF-36862689
TXN-000159,CUS-0189,,INV-00153,Investment Redemption,41730.02,2022-05-27,Cheque,Pending,REF-58444321
TXN-000160,CUS-0166,POL-00324,,Claim Payout,28558.91,2022-10-30,EFT,Completed,REF-51594284
TXN-000161,CUS-0047,POL-00085,,Premium Payment,285.66,2022-04-25,Wire,Completed,REF-53937353
TXN-000162,CUS-0101,POL-00189,,Claim Payout,43402.78,2021-11-07,Wire,Failed,REF-85273310
TXN-000163,CUS-0171,,INV-00128,Investment Purchase,8689.74,2021-03-15,EFT,Pending,REF-93117917
TXN-000164,CUS-0003,POL-00005,,Premium Payment,2786.4,2020-01-01,Wire,Completed,REF-86250555
TXN-000165,CUS-0025,,INV-00028,Dividend,1871.85,2022-02-20,Cheque,Reversed,REF-20213902
TXN-000166,CUS-0168,POL-00327,,Premium Payment,5769.6,2023-05-03,EFT,Completed,REF-50540480
TXN-000167,CUS-0117,POL-00220,,Premium Payment,1441.29,2021-05-07,EFT,Failed,REF-73955393
TXN-000168,CUS-0029,POL-00052,,Premium Payment,559.02,2022-08-19,Cheque,Completed,REF-46247757
TXN-000169,CUS-0145,POL-00281,,Premium Payment,230.16,2020-09-16,Credit Card,Completed,REF-38920642
TXN-000170,CUS-0174,POL-00339,,Premium Payment,164.49,2020-05-02,Wire,Completed,REF-72505408
TXN-000171,CUS-0004,POL-00006,,Claim Payout,33002.2,2023-02-24,Wire,Completed,REF-37205749
TXN-000172,CUS-0007,,,Fee,338.91,2022-02-09,Wire,Completed,REF-10261534
TXN-000173,CUS-0012,,INV-00289,Dividend,4185.19,2024-11-18,Wire,Completed,REF-41074206
TXN-000174,CUS-0191,,INV-00025,Investment Redemption,14682.6,2020-12-28,Wire,Completed,REF-73414545
TXN-000175,CUS-0096,,INV-00191,Investment Purchase,72893.66,2026-01-23,Cheque,Completed,REF-64626836
TXN-000176,CUS-0103,POL-00193,,Premium Payment,1584.72,2025-03-29,Cheque,Reversed,REF-29814990
TXN-000177,CUS-0193,,,Fee,445.82,2026-01-30,Wire,Completed,REF-21602526
TXN-000178,CUS-0036,,INV-00171,Investment Purchase,92547.19,2025-03-26,Credit Card,Completed,REF-15738577
TXN-000179,CUS-0161,POL-00313,,Premium Payment,643.31,2023-10-31,Credit Card,Completed,REF-86999716
TXN-000180,CUS-0053,POL-00097,,Premium Payment,923.7,2020-11-30,EFT,Pending,REF-77294573
TXN-000181,CUS-0134,,INV-00054,Investment Purchase,57970.99,2022-11-09,Credit Card,Failed,REF-40438208
TXN-000182,CUS-0086,,INV-00251,Investment Purchase,12575.21,2024-03-09,Wire,Completed,REF-80212115
TXN-000183,CUS-0101,,INV-00113,Investment Purchase,58124.92,2024-07-29,EFT,Completed,REF-40308351
TXN-000184,CUS-0117,,INV-00080,Investment Purchase,83600.58,2022-02-10,EFT,Completed,REF-76465010
TXN-000185,CUS-0019,POL-00035,,Premium Payment,2000.31,2022-09-17,Cheque,Completed,REF-38084257
TXN-000186,CUS-0025,,INV-00098,Investment Purchase,3327.06,2020-05-07,Credit Card,Completed,REF-34926126
TXN-000187,CUS-0175,,,Fee,44.95,2022-11-04,EFT,Completed,REF-66628811
TXN-000188,CUS-0170,,INV-00207,Dividend,102.31,2023-05-14,Cheque,Completed,REF-37977471
TXN-000189,CUS-0159,POL-00309,,Premium Payment,439.89,2020-06-20,EFT,Completed,REF-77108172
TXN-000190,CUS-0008,POL-00011,,Premium Payment,898.38,2025-04-23,Wire,Pending,REF-82345677
TXN-000191,CUS-0109,,INV-00180,Investment Redemption,47481.55,2025-07-01,Wire,Reversed,REF-15190410
TXN-000192,CUS-0195,,INV-00045,Dividend,2400.62,2026-02-05,Credit Card,Completed,REF-94731492
TXN-000193,CUS-0117,,INV-00195,Dividend,3757.81,2022-09-15,Wire,Completed,REF-14609325
TXN-000194,CUS-0142,POL-00275,,Premium Payment,105.8,2022-06-06,EFT,Completed,REF-11381630
TXN-000195,CUS-0152,,INV-00015,Investment Purchase,93618.28,2024-12-25,Credit Card,Completed,REF-72166964
TXN-000196,CUS-0145,POL-00281,,Premium Payment,230.16,2026-01-03,EFT,Completed,REF-43984506
TXN-000197,CUS-0179,,INV-00265,Investment Purchase,49618.8,2025-01-24,Credit Card,Completed,REF-15344079
TXN-000198,CUS-0085,POL-00157,,Premium Payment,1451.79,2021-03-25,EFT,Completed,REF-36725847
TXN-000199,CUS-0064,POL-00114,,Claim Payout,19671.53,2021-12-24,EFT,Completed,REF-50570882
TXN-000200,CUS-0088,POL-00163,,Premium Payment,1372.68,2022-07-25,EFT,Completed,REF-23628162
TXN-000201,CUS-0034,POL-00064,,Premium Payment,841.92,2024-11-29,Wire,Completed,REF-12756510
TXN-000202,CUS-0178,,INV-00189,Investment Redemption,31924.18,2021-03-11,EFT,Completed,REF-47433620
TXN-000203,CUS-0180,POL-00348,,Claim Payout,55495.95,2020-10-01,Cheque,Completed,REF-99214834
TXN-000204,CUS-0103,POL-00193,,Claim Payout,45377.5,2021-07-17,Credit Card,Completed,REF-21593395
TXN-000205,CUS-0171,,INV-00101,Investment Purchase,45164.11,2026-02-14,Cheque,Completed,REF-74139933
TXN-000206,CUS-0169,POL-00329,,Premium Payment,3235.68,2024-08-19,EFT,Completed,REF-41171838
TXN-000207,CUS-0077,POL-00142,,Premium Payment,651.96,2024-05-19,EFT,Completed,REF-78477351
TXN-000208,CUS-0029,,INV-00269,Investment Redemption,33462.6,2025-12-13,Credit Card,Completed,REF-52886482
TXN-000209,CUS-0123,,INV-00110,Dividend,983.9,2025-04-28,Credit Card,Completed,REF-23293865
TXN-000210,CUS-0142,POL-00272,,Premium Payment,3059.16,2021-08-21,Credit Card,Completed,REF-19126002
TXN-000211,CUS-0019,POL-00034,,Claim Payout,137548.07,2022-10-08,Wire,Completed,REF-93969764
TXN-000212,CUS-0058,POL-00106,,Claim Payout,109338.72,2024-07-22,Wire,Completed,REF-15759135
TXN-000213,CUS-0200,,,Fee,203.37,2022-02-27,Cheque,Completed,REF-62449097
TXN-000214,CUS-0058,POL-00106,,Claim Payout,109338.72,2025-05-17,Wire,Completed,REF-96710149
TXN-000215,CUS-0163,,,Fee,87.07,2025-11-05,EFT,Completed,REF-68081584
TXN-000216,CUS-0107,,INV-00034,Investment Purchase,56606.98,2021-08-19,EFT,Completed,REF-59596286
TXN-000217,CUS-0072,POL-00135,,Premium Payment,115.8,2023-10-30,Cheque,Completed,REF-51358100
TXN-000218,CUS-0121,,,Fee,260.61,2024-04-30,Credit Card,Completed,REF-72992151
TXN-000219,CUS-0178,POL-00345,,Premium Payment,5893.2,2023-11-03,EFT,Completed,REF-43768232
TXN-000220,CUS-0070,,INV-00148,Investment Purchase,59848.95,2022-07-22,Cheque,Completed,REF-42133709
TXN-000221,CUS-0090,,INV-00157,Investment Purchase,19992.81,2023-10-04,Wire,Completed,REF-47382608
TXN-000222,CUS-0109,POL-00202,,Premium Payment,21.47,2021-07-24,Cheque,Pending,REF-35496811
TXN-000223,CUS-0093,,INV-00278,Investment Purchase,55737.42,2022-04-17,Credit Card,Completed,REF-25731762
TXN-000224,CUS-0075,,INV-00127,Investment Redemption,10683.82,2023-10-13,Wire,Completed,REF-60331463
TXN-000225,CUS-0124,POL-00237,,Premium Payment,1321.74,2025-02-23,Credit Card,Completed,REF-44188706
TXN-000226,CUS-0065,,INV-00064,Investment Purchase,96684.86,2026-03-05,EFT,Reversed,REF-18931707
TXN-000227,CUS-0066,POL-00119,,Premium Payment,5978.64,2025-02-05,Cheque,Failed,REF-78601151
TXN-000228,CUS-0051,,INV-00137,Investment Purchase,6048.31,2024-10-17,Wire,Completed,REF-89896025
TXN-000229,CUS-0112,POL-00212,,Premium Payment,22.92,2023-07-06,Credit Card,Completed,REF-26497586
TXN-000230,CUS-0014,POL-00023,,Claim Payout,2810.61,2020-10-14,Cheque,Completed,REF-27102306
TXN-000231,CUS-0191,,INV-00217,Investment Redemption,10642.19,2020-09-02,Cheque,Completed,REF-93800183
TXN-000232,CUS-0073,,INV-00221,Investment Redemption,12413.67,2022-06-21,Cheque,Completed,REF-84170836
TXN-000233,CUS-0061,POL-00110,,Claim Payout,1636.23,2023-07-21,Credit Card,Completed,REF-61441896
TXN-000234,CUS-0158,POL-00308,,Premium Payment,7829.76,2021-10-18,Cheque,Completed,REF-75264320
TXN-000235,CUS-0064,POL-00114,,Premium Payment,1427.88,2022-06-24,Credit Card,Completed,REF-33292561
TXN-000236,CUS-0072,,INV-00055,Dividend,65.68,2023-06-17,Wire,Completed,REF-69883280
TXN-000237,CUS-0026,POL-00047,,Premium Payment,26.05,2024-07-31,Wire,Completed,REF-30184404
TXN-000238,CUS-0099,,INV-00195,Investment Redemption,1639.82,2023-01-17,Wire,Completed,REF-68606209
TXN-000239,CUS-0135,,INV-00176,Investment Redemption,16442.96,2025-08-06,Wire,Completed,REF-69349666
TXN-000240,CUS-0096,,INV-00074,Investment Purchase,70642.18,2024-03-26,Wire,Completed,REF-37800640
TXN-000241,CUS-0091,POL-00171,,Premium Payment,1053.48,2023-01-27,Cheque,Completed,REF-40990266
TXN-000242,CUS-0121,POL-00228,,Claim Payout,22686.33,2022-09-26,EFT,Completed,REF-70699404
TXN-000243,CUS-0006,,INV-00200,Investment Redemption,28797.0,2024-01-12,Wire,Completed,REF-68558100
TXN-000244,CUS-0109,,INV-00046,Investment Redemption,22149.44,2023-11-27,Cheque,Completed,REF-44877696
TXN-000245,CUS-0044,POL-00079,,Claim Payout,361807.82,2025-10-19,Credit Card,Completed,REF-14871204
TXN-000246,CUS-0094,,INV-00025,Dividend,3815.52,2021-01-03,Credit Card,Completed,REF-22398601
TXN-000247,CUS-0142,,INV-00026,Investment Purchase,25788.72,2025-11-21,Wire,Failed,REF-30002379
TXN-000248,CUS-0112,POL-00212,,Premium Payment,22.92,2022-01-31,Cheque,Completed,REF-32364538
TXN-000249,CUS-0060,,INV-00048,Investment Purchase,62473.52,2021-12-21,Wire,Completed,REF-66809533
TXN-000250,CUS-0061,,,Fee,18.42,2022-03-11,EFT,Completed,REF-19043872
TXN-000251,CUS-0069,,INV-00092,Investment Redemption,26930.69,2025-03-09,Cheque,Completed,REF-34014770
TXN-000252,CUS-0048,POL-00086,,Premium Payment,1116.63,2020-02-05,Credit Card,Completed,REF-46552513
TXN-000253,CUS-0006,,INV-00257,Investment Purchase,50946.46,2020-08-20,Credit Card,Completed,REF-16488684
TXN-000254,CUS-0034,POL-00064,,Claim Payout,20411.31,2024-02-13,Cheque,Completed,REF-72062977
TXN-000255,CUS-0045,POL-00081,,Premium Payment,529.17,2022-10-13,EFT,Completed,REF-19002523
TXN-000256,CUS-0035,,INV-00001,Dividend,1471.65,2025-12-06,Wire,Completed,REF-83862129
TXN-000257,CUS-0104,,INV-00269,Investment Purchase,47195.4,2025-10-29,Wire,Completed,REF-43746338
TXN-000258,CUS-0105,,INV-00086,Investment Purchase,50812.1,2025-08-08,EFT,Completed,REF-37768710
TXN-000259,CUS-0095,POL-00177,,Premium Payment,891.03,2021-04-18,Wire,Completed,REF-61347982
TXN-000260,CUS-0096,POL-00179,,Claim Payout,171162.3,2023-07-12,EFT,Completed,REF-38933373
TXN-000261,CUS-0164,POL-00320,,Claim Payout,159165.94,2025-01-16,Credit Card,Pending,REF-97116877
TXN-000262,CUS-0102,,INV-00126,Investment Redemption,7544.61,2022-07-19,Cheque,Failed,REF-75333946
TXN-000263,CUS-0183,POL-00356,,Claim Payout,2356.61,2024-03-01,Wire,Pending,REF-27503885
TXN-000264,CUS-0014,POL-00023,,Claim Payout,2810.61,2021-08-19,EFT,Pending,REF-49650344
TXN-000265,CUS-0090,POL-00168,,Claim Payout,5374.24,2024-05-02,Wire,Pending,REF-20485555
TXN-000266,CUS-0091,,INV-00263,Investment Purchase,55609.07,2020-06-14,Wire,Failed,REF-19094010
TXN-000267,CUS-0050,POL-00089,,Claim Payout,160820.02,2025-09-06,EFT,Completed,REF-29587604
TXN-000268,CUS-0144,,INV-00139,Investment Redemption,3464.4,2025-09-17,Cheque,Completed,REF-13239995
TXN-000269,CUS-0086,POL-00159,,Claim Payout,17672.82,2023-08-30,EFT,Completed,REF-79390232
TXN-000270,CUS-0113,,INV-00250,Investment Purchase,43907.41,2025-10-06,EFT,Completed,REF-30579604
TXN-000271,CUS-0097,,INV-00170,Dividend,3320.05,2024-12-06,Cheque,Completed,REF-29320840
TXN-000272,CUS-0051,POL-00091,,Premium Payment,3937.44,2024-04-21,Credit Card,Completed,REF-15622602
TXN-000273,CUS-0004,POL-00006,,Premium Payment,869.28,2022-03-07,Credit Card,Completed,REF-66047853
TXN-000274,CUS-0039,,INV-00219,Investment Redemption,27579.27,2022-11-11,Credit Card,Reversed,REF-10076098
TXN-000275,CUS-0042,,INV-00020,Dividend,1364.26,2025-05-30,Credit Card,Completed,REF-72855049
TXN-000276,CUS-0043,,INV-00253,Dividend,615.47,2025-02-25,Cheque,Pending,REF-92785273
TXN-000277,CUS-0096,,INV-00241,Investment Redemption,47805.59,2022-11-23,Cheque,Completed,REF-94761786
TXN-000278,CUS-0135,,INV-00080,Investment Purchase,67107.43,2025-10-31,Credit Card,Completed,REF-40359901
TXN-000279,CUS-0112,,,Fee,246.86,2023-09-06,Cheque,Failed,REF-76957784
TXN-000280,CUS-0104,,INV-00027,Dividend,4762.9,2023-05-15,Cheque,Pending,REF-24293758
TXN-000281,CUS-0143,,,Fee,119.58,2022-06-15,Credit Card,Pending,REF-72323676
TXN-000282,CUS-0026,,INV-00278,Dividend,2553.93,2024-08-17,Wire,Completed,REF-86044123
TXN-000283,CUS-0021,POL-00039,,Premium Payment,3660.96,2021-10-27,EFT,Completed,REF-52138595
TXN-000284,CUS-0015,,INV-00224,Dividend,2059.33,2024-11-05,Wire,Completed,REF-14106460
TXN-000285,CUS-0095,POL-00176,,Premium Payment,242.42,2023-06-15,Wire,Completed,REF-63196481
TXN-000286,CUS-0104,,INV-00221,Investment Purchase,85095.56,2023-03-19,Credit Card,Completed,REF-55112093
TXN-000287,CUS-0084,POL-00156,,Premium Payment,1528.8,2020-12-05,EFT,Completed,REF-11139490
TXN-000288,CUS-0110,POL-00207,,Premium Payment,532.32,2021-01-13,Credit Card,Failed,REF-16893126
TXN-000289,CUS-0046,POL-00083,,Premium Payment,379.77,2021-06-30,Cheque,Completed,REF-57949350
TXN-000290,CUS-0023,,INV-00021,Investment Purchase,17356.93,2023-06-22,EFT,Completed,REF-88230615
TXN-000291,CUS-0011,POL-00016,,Premium Payment,551.39,2022-02-26,Wire,Completed,REF-75815017
TXN-000292,CUS-0152,POL-00294,,Premium Payment,2184.39,2025-11-24,Cheque,Completed,REF-28604725
TXN-000293,CUS-0156,POL-00305,,Premium Payment,818.07,2021-10-06,EFT,Completed,REF-76627763
TXN-000294,CUS-0177,,INV-00146,Investment Purchase,4171.34,2023-10-19,Wire,Completed,REF-70734656
TXN-000295,CUS-0131,POL-00251,,Claim Payout,15035.84,2024-06-30,Credit Card,Completed,REF-51517045
TXN-000296,CUS-0054,,INV-00124,Investment Purchase,46667.39,2021-09-27,EFT,Completed,REF-88877489
TXN-000297,CUS-0038,,,Fee,62.76,2025-01-12,EFT,Completed,REF-47913187
TXN-000298,CUS-0177,,INV-00164,Investment Redemption,29173.88,2025-05-26,EFT,Completed,REF-96477961
TXN-000299,CUS-0172,,INV-00283,Investment Purchase,73208.67,2023-05-24,Credit Card,Failed,REF-73515624
TXN-000300,CUS-0094,,INV-00081,Investment Purchase,39688.63,2023-11-14,EFT,Completed,REF-43847289
TXN-000301,CUS-0128,POL-00243,,Claim Payout,16955.49,2024-06-16,Cheque,Completed,REF-70345934
TXN-000302,CUS-0084,POL-00156,,Premium Payment,1528.8,2023-07-13,Credit Card,Reversed,REF-10998405
TXN-000303,CUS-0043,,,Fee,477.6,2024-08-30,Cheque,Completed,REF-29886742
TXN-000304,CUS-0036,POL-00067,,Premium Payment,345.45,2025-10-01,Cheque,Completed,REF-37146258
TXN-000305,CUS-0107,,INV-00020,Investment Redemption,38657.57,2024-01-17,Cheque,Completed,REF-55255509
TXN-000306,CUS-0124,POL-00236,,Premium Payment,71.5,2022-05-14,Cheque,Completed,REF-81252044
TXN-000307,CUS-0136,POL-00261,,Claim Payout,265086.1,2024-11-16,EFT,Completed,REF-71062690
TXN-000308,CUS-0152,,INV-00281,Dividend,1486.46,2025-02-12,Cheque,Completed,REF-12404497
TXN-000309,CUS-0161,POL-00313,,Claim Payout,285085.28,2025-04-27,Wire,Pending,REF-72215698
TXN-000310,CUS-0156,,INV-00293,Dividend,1193.18,2023-07-14,Credit Card,Pending,REF-70300178
TXN-000311,CUS-0167,POL-00325,,Premium Payment,1251.27,2022-07-28,Cheque,Completed,REF-62990847
TXN-000312,CUS-0136,POL-00261,,Premium Payment,968.67,2020-06-15,Wire,Completed,REF-42075348
TXN-000313,CUS-0111,POL-00210,,Claim Payout,3820.92,2020-11-07,Cheque,Pending,REF-81841063
TXN-000314,CUS-0140,,,Fee,470.56,2020-03-07,Cheque,Completed,REF-90563516
TXN-000315,CUS-0128,,INV-00298,Investment Purchase,22128.04,2026-03-12,EFT,Completed,REF-41518806
TXN-000316,CUS-0100,,INV-00288,Dividend,3642.32,2021-12-26,Credit Card,Completed,REF-11907415
TXN-000317,CUS-0021,,INV-00169,Investment Purchase,65037.46,2025-05-19,Credit Card,Completed,REF-44654107
TXN-000318,CUS-0075,POL-00138,,Premium Payment,81.84,2024-08-29,Wire,Completed,REF-37392942
TXN-000319,CUS-0093,,INV-00050,Investment Redemption,38372.09,2023-03-28,EFT,Completed,REF-20230849
TXN-000320,CUS-0032,,INV-00002,Dividend,4770.25,2020-09-27,Cheque,Completed,REF-34021010
TXN-000321,CUS-0116,POL-00219,,Premium Payment,2537.16,2021-05-12,Wire,Completed,REF-78555677
TXN-000322,CUS-0172,POL-00334,,Premium Payment,166.65,2020-12-07,EFT,Completed,REF-57411092
TXN-000323,CUS-0049,POL-00087,,Premium Payment,2215.32,2020-03-15,EFT,Failed,REF-18513830
TXN-000324,CUS-0088,POL-00162,,Premium Payment,4507.08,2025-11-08,Credit Card,Pending,REF-74248731
TXN-000325,CUS-0194,,INV-00180,Dividend,197.46,2024-05-13,Wire,Completed,REF-23900847
TXN-000326,CUS-0199,,,Fee,407.79,2022-05-19,Wire,Completed,REF-88699165
TXN-000327,CUS-0018,,INV-00117,Investment Redemption,41808.3,2025-07-17,Wire,Completed,REF-61979251
TXN-000328,CUS-0095,POL-00176,,Premium Payment,242.42,2020-06-20,Credit Card,Completed,REF-10499523
TXN-000329,CUS-0005,,INV-00191,Investment Purchase,65222.97,2024-08-29,EFT,Completed,REF-52301424
TXN-000330,CUS-0022,,,Fee,75.7,2021-01-28,EFT,Completed,REF-89575745
TXN-000331,CUS-0127,POL-00242,,Premium Payment,1257.0,2021-05-05,EFT,Completed,REF-95641687
TXN-000332,CUS-0080,POL-00147,,Premium Payment,2507.16,2023-04-16,EFT,Completed,REF-17370298
TXN-000333,CUS-0171,,INV-00071,Dividend,3494.74,2024-04-03,Cheque,Reversed,REF-55626134
TXN-000334,CUS-0020,,,Fee,487.81,2024-01-30,Cheque,Completed,REF-50241177
TXN-000335,CUS-0007,POL-00010,,Claim Payout,16723.82,2021-01-16,EFT,Pending,REF-58658243
TXN-000336,CUS-0068,POL-00124,,Premium Payment,589.92,2023-07-27,Credit Card,Pending,REF-87364623
TXN-000337,CUS-0021,POL-00039,,Premium Payment,3660.96,2020-07-20,EFT,Completed,REF-83677009
TXN-000338,CUS-0177,,INV-00280,Dividend,1521.17,2026-03-12,EFT,Completed,REF-64176956
TXN-000339,CUS-0011,,INV-00160,Investment Redemption,45982.5,2024-09-17,Cheque,Completed,REF-46111036
TXN-000340,CUS-0036,,INV-00036,Investment Redemption,5168.59,2020-01-17,Wire,Completed,REF-15707588
TXN-000341,CUS-0093,POL-00174,,Claim Payout,27327.24,2022-12-18,Credit Card,Completed,REF-21007045
TXN-000342,CUS-0048,POL-00086,,Premium Payment,1116.63,2020-03-09,Credit Card,Completed,REF-32732400
TXN-000343,CUS-0175,,INV-00261,Investment Redemption,12310.03,2024-07-28,Cheque,Completed,REF-87402122
TXN-000344,CUS-0199,,INV-00097,Investment Redemption,24886.31,2022-09-01,Credit Card,Completed,REF-92310089
TXN-000345,CUS-0050,,INV-00271,Investment Purchase,29977.92,2021-07-11,Wire,Completed,REF-87622366
TXN-000346,CUS-0064,POL-00114,,Premium Payment,1427.88,2024-09-17,Wire,Completed,REF-10194969
TXN-000347,CUS-0104,,INV-00098,Dividend,3746.59,2021-06-09,EFT,Completed,REF-43390704
TXN-000348,CUS-0011,POL-00016,,Premium Payment,551.39,2022-10-20,EFT,Completed,REF-62978256
TXN-000349,CUS-0056,POL-00104,,Premium Payment,1138.14,2021-04-06,Credit Card,Completed,REF-24867878
TXN-000350,CUS-0004,,,Fee,212.54,2023-10-30,Credit Card,Completed,REF-29728335
TXN-000351,CUS-0032,,INV-00189,Investment Redemption,16593.02,2024-08-10,Cheque,Completed,REF-69513720
TXN-000352,CUS-0163,,INV-00075,Investment Purchase,21471.37,2023-12-17,Credit Card,Completed,REF-75755054
TXN-000353,CUS-0071,POL-00130,,Claim Payout,153507.94,2020-07-19,Wire,Completed,REF-72220991
TXN-000354,CUS-0016,POL-00029,,Premium Payment,709.74,2025-02-22,Credit Card,Completed,REF-65486192
TXN-000355,CUS-0074,POL-00137,,Premium Payment,271.8,2023-03-06,Wire,Completed,REF-11847858
TXN-000356,CUS-0196,POL-00382,,Claim Payout,6243.7,2025-02-04,Credit Card,Completed,REF-70309806
TXN-000357,CUS-0071,POL-00131,,Premium Payment,140.93,2024-05-18,Wire,Completed,REF-39603821
TXN-000358,CUS-0035,POL-00066,,Claim Payout,39159.89,2025-06-13,Credit Card,Completed,REF-24740381
TXN-000359,CUS-0095,POL-00177,,Premium Payment,891.03,2021-02-08,Cheque,Completed,REF-64185675
TXN-000360,CUS-0146,POL-00282,,Premium Payment,1451.25,2022-09-15,Cheque,Pending,REF-42788611
TXN-000361,CUS-0172,,INV-00285,Investment Redemption,42864.58,2025-12-10,Wire,Failed,REF-80910956
TXN-000362,CUS-0006,POL-00009,,Premium Payment,1797.24,2026-03-18,Cheque,Completed,REF-10196027
TXN-000363,CUS-0048,POL-00086,,Claim Payout,36764.64,2024-10-06,Cheque,Completed,REF-88677406
TXN-000364,CUS-0103,POL-00193,,Premium Payment,1584.72,2021-01-28,Credit Card,Completed,REF-42867782
TXN-000365,CUS-0087,POL-00161,,Premium Payment,1168.56,2025-04-14,Cheque,Completed,REF-76189546
TXN-000366,CUS-0144,POL-00278,,Premium Payment,5105.28,2020-11-08,Credit Card,Completed,REF-41045155
TXN-000367,CUS-0012,POL-00020,,Claim Payout,46056.81,2025-03-28,EFT,Completed,REF-23772773
TXN-000368,CUS-0141,,INV-00226,Investment Purchase,72124.67,2022-06-23,Credit Card,Completed,REF-59778266
TXN-000369,CUS-0066,POL-00118,,Premium Payment,1106.28,2024-08-02,Cheque,Completed,REF-96304579
TXN-000370,CUS-0116,,INV-00108,Investment Purchase,10254.81,2022-08-27,EFT,Completed,REF-43596935
TXN-000371,CUS-0138,,INV-00124,Investment Redemption,2686.44,2023-02-08,EFT,Completed,REF-75706214
TXN-000372,CUS-0056,,,Fee,399.9,2023-09-16,Credit Card,Completed,REF-87265763
TXN-000373,CUS-0110,POL-00206,,Premium Payment,85.83,2024-01-01,Credit Card,Completed,REF-13610372
TXN-000374,CUS-0161,,INV-00293,Investment Redemption,1557.39,2023-02-01,Credit Card,Completed,REF-41436416
TXN-000375,CUS-0188,,INV-00092,Investment Redemption,10194.87,2022-05-06,Cheque,Completed,REF-71854927
TXN-000376,CUS-0116,POL-00218,,Premium Payment,342.51,2021-07-04,Credit Card,Completed,REF-59209911
TXN-000377,CUS-0195,,INV-00154,Investment Purchase,83639.89,2024-11-03,EFT,Completed,REF-31349862
TXN-000378,CUS-0002,POL-00002,,Claim Payout,19039.51,2025-12-23,Wire,Completed,REF-24565901
TXN-000379,CUS-0041,POL-00074,,Premium Payment,1568.16,2020-10-26,EFT,Completed,REF-68333502
TXN-000380,CUS-0043,POL-00077,,Premium Payment,3666.12,2025-10-31,Cheque,Completed,REF-70808034
TXN-000381,CUS-0153,POL-00298,,Premium Payment,116.4,2022-06-02,Wire,Reversed,REF-33103570
TXN-000382,CUS-0114,,INV-00143,Investment Purchase,32257.29,2022-05-27,EFT,Failed,REF-36342866
TXN-000383,CUS-0097,POL-00181,,Claim Payout,256544.6,2021-01-07,EFT,Pending,REF-27015981
TXN-000384,CUS-0059,,INV-00274,Dividend,4750.33,2021-04-08,Wire,Completed,REF-97195255
TXN-000385,CUS-0189,,INV-00070,Investment Purchase,6230.34,2022-01-06,Credit Card,Completed,REF-26968753
TXN-000386,CUS-0013,POL-00021,,Premium Payment,159.69,2022-09-16,EFT,Completed,REF-55514836
TXN-000387,CUS-0024,,INV-00133,Investment Purchase,26852.88,2026-02-26,Credit Card,Completed,REF-15908071
TXN-000388,CUS-0053,POL-00096,,Claim Payout,281477.75,2022-06-22,EFT,Completed,REF-79518752
TXN-000389,CUS-0114,POL-00216,,Premium Payment,4805.76,2024-09-25,EFT,Completed,REF-53196957
TXN-000390,CUS-0175,POL-00341,,Claim Payout,6453.68,2023-10-15,EFT,Completed,REF-13667070
TXN-000391,CUS-0177,,INV-00013,Investment Redemption,43212.85,2020-05-04,Credit Card,Completed,REF-95501953
TXN-000392,CUS-0022,,INV-00098,Investment Purchase,48597.21,2021-02-06,Cheque,Completed,REF-17683639
TXN-000393,CUS-0192,,INV-00014,Investment Redemption,36101.66,2023-12-18,EFT,Completed,REF-77648431
TXN-000394,CUS-0193,,INV-00150,Investment Purchase,26819.6,2020-12-14,Credit Card,Completed,REF-90577383
TXN-000395,CUS-0139,,INV-00245,Investment Purchase,29431.2,2025-11-09,EFT,Failed,REF-30210136
TXN-000396,CUS-0196,POL-00382,,Premium Payment,43.34,2025-08-15,EFT,Completed,REF-52159618
TXN-000397,CUS-0011,POL-00016,,Claim Payout,48507.56,2025-03-29,EFT,Completed,REF-10375217
TXN-000398,CUS-0063,,INV-00194,Investment Purchase,35189.86,2023-10-30,Cheque,Completed,REF-81140123
TXN-000399,CUS-0097,POL-00182,,Premium Payment,1646.64,2021-05-18,Credit Card,Completed,REF-46159501
TXN-000400,CUS-0083,,INV-00190,Investment Purchase,66471.07,2024-02-08,Credit Card,Completed,REF-87420166
TXN-000401,CUS-0011,POL-00016,,Claim Payout,48507.56,2025-04-08,Credit Card,Completed,REF-42264580
TXN-000402,CUS-0158,POL-00308,,Claim Payout,31095.51,2020-03-10,Credit Card,Completed,REF-26880118
TXN-000403,CUS-0069,POL-00125,,Premium Payment,387.93,2021-05-16,Cheque,Pending,REF-80944243
TXN-000404,CUS-0143,POL-00276,,Premium Payment,4569.6,2022-12-07,Cheque,Completed,REF-96406343
TXN-000405,CUS-0122,POL-00231,,Premium Payment,2905.44,2022-10-16,Wire,Completed,REF-35190520
TXN-000406,CUS-0017,,INV-00205,Investment Purchase,27512.14,2021-09-26,Credit Card,Completed,REF-63698183
TXN-000407,CUS-0076,,INV-00088,Investment Purchase,52650.62,2023-06-13,Credit Card,Completed,REF-12779565
TXN-000408,CUS-0108,POL-00201,,Premium Payment,50.55,2024-02-17,Wire,Completed,REF-38705725
TXN-000409,CUS-0200,POL-00391,,Premium Payment,272.79,2020-12-02,EFT,Completed,REF-62369622
TXN-000410,CUS-0162,POL-00316,,Premium Payment,246.59,2021-10-03,Cheque,Completed,REF-49005267
TXN-000411,CUS-0011,,,Fee,101.43,2022-07-27,Cheque,Completed,REF-55624728
TXN-000412,CUS-0048,,INV-00151,Investment Purchase,19975.53,2020-04-05,Wire,Completed,REF-60636474
TXN-000413,CUS-0072,POL-00134,,Premium Payment,7565.64,2025-10-02,EFT,Completed,REF-40315274
TXN-000414,CUS-0095,,INV-00124,Investment Redemption,28026.47,2025-08-13,Cheque,Completed,REF-54500052
TXN-000415,CUS-0035,,INV-00239,Investment Redemption,30699.71,2020-09-09,Cheque,Completed,REF-15038665
TXN-000416,CUS-0164,POL-00319,,Premium Payment,348.21,2023-04-08,Credit Card,Completed,REF-38043072
TXN-000417,CUS-0091,,INV-00100,Dividend,4151.2,2022-11-21,EFT,Completed,REF-62978421
TXN-000418,CUS-0037,,INV-00053,Investment Redemption,4957.85,2025-02-05,EFT,Completed,REF-83065167
TXN-000419,CUS-0051,POL-00091,,Premium Payment,3937.44,2021-01-09,Credit Card,Completed,REF-76113110
TXN-000420,CUS-0104,POL-00195,,Premium Payment,213.08,2022-07-13,Wire,Completed,REF-14665068
TXN-000421,CUS-0022,,INV-00259,Investment Redemption,25084.99,2023-09-03,EFT,Reversed,REF-71970086
TXN-000422,CUS-0105,,INV-00283,Dividend,3615.42,2025-11-18,EFT,Pending,REF-34807303
TXN-000423,CUS-0007,POL-00010,,Premium Payment,57.02,2021-03-13,Wire,Completed,REF-25034348
TXN-000424,CUS-0153,,INV-00269,Investment Purchase,92508.32,2022-09-28,Cheque,Completed,REF-73387410
TXN-000425,CUS-0128,,INV-00136,Investment Purchase,73196.85,2021-05-05,Wire,Reversed,REF-10412599
TXN-000426,CUS-0175,,,Fee,114.71,2024-02-15,Cheque,Completed,REF-27975283
TXN-000427,CUS-0020,,,Fee,162.5,2020-10-17,Cheque,Pending,REF-24610423
TXN-000428,CUS-0058,,INV-00119,Investment Purchase,40303.21,2025-05-09,EFT,Completed,REF-88726359
TXN-000429,CUS-0105,POL-00196,,Premium Payment,475.2,2021-11-29,Credit Card,Pending,REF-38935409
TXN-000430,CUS-0130,,INV-00076,Investment Purchase,8276.65,2025-01-22,Cheque,Completed,REF-66139112
TXN-000431,CUS-0066,POL-00118,,Premium Payment,1106.28,2023-04-19,Wire,Completed,REF-15751690
TXN-000432,CUS-0162,,,Fee,20.41,2023-10-14,Wire,Completed,REF-67535049
TXN-000433,CUS-0191,POL-00369,,Claim Payout,26207.29,2021-01-28,Credit Card,Completed,REF-67246006
TXN-000434,CUS-0005,,INV-00022,Investment Redemption,47220.47,2020-08-14,Credit Card,Completed,REF-58495831
TXN-000435,CUS-0156,POL-00304,,Claim Payout,5799.38,2020-04-21,Wire,Completed,REF-19754865
TXN-000436,CUS-0191,POL-00369,,Premium Payment,169.03,2021-02-13,Credit Card,Reversed,REF-44094915
TXN-000437,CUS-0092,,,Fee,35.51,2024-10-26,Credit Card,Completed,REF-68551203
TXN-000438,CUS-0125,,INV-00249,Investment Purchase,43022.88,2026-04-18,Credit Card,Completed,REF-93373189
TXN-000439,CUS-0135,POL-00259,,Premium Payment,3461.88,2023-04-04,EFT,Completed,REF-25546247
TXN-000440,CUS-0142,POL-00272,,Premium Payment,3059.16,2025-12-01,Credit Card,Reversed,REF-55984239
TXN-000441,CUS-0123,POL-00233,,Premium Payment,443.61,2024-07-26,Credit Card,Completed,REF-96588631
TXN-000442,CUS-0186,POL-00362,,Claim Payout,3143.32,2024-02-26,EFT,Completed,REF-91293269
TXN-000443,CUS-0130,,,Fee,190.44,2020-09-22,Cheque,Pending,REF-87052719
TXN-000444,CUS-0005,POL-00007,,Premium Payment,349.2,2022-11-11,Credit Card,Completed,REF-64070291
TXN-000445,CUS-0181,,INV-00294,Investment Redemption,31376.89,2024-09-19,Wire,Completed,REF-98150338
TXN-000446,CUS-0142,POL-00275,,Premium Payment,105.8,2021-01-02,Cheque,Pending,REF-29485870
TXN-000447,CUS-0094,,INV-00297,Investment Purchase,39025.79,2022-10-13,EFT,Completed,REF-49514706
TXN-000448,CUS-0129,POL-00247,,Premium Payment,1637.76,2022-03-07,Credit Card,Reversed,REF-24543144
TXN-000449,CUS-0200,POL-00390,,Premium Payment,601.8,2023-04-20,Wire,Completed,REF-64252439
TXN-000450,CUS-0015,,INV-00209,Investment Purchase,62599.57,2020-04-04,Wire,Reversed,REF-30803857
TXN-000451,CUS-0031,POL-00059,,Claim Payout,96690.05,2024-09-06,EFT,Reversed,REF-96159185
TXN-000452,CUS-0192,POL-00371,,Claim Payout,14223.18,2023-06-21,Credit Card,Completed,REF-79792383
TXN-000453,CUS-0084,,INV-00186,Investment Purchase,65368.77,2025-10-31,EFT,Completed,REF-48211978
TXN-000454,CUS-0089,,,Fee,480.41,2021-04-27,Wire,Reversed,REF-55813843
TXN-000455,CUS-0038,POL-00069,,Premium Payment,111.11,2024-01-09,Credit Card,Completed,REF-68270032
TXN-000456,CUS-0024,,INV-00282,Investment Purchase,38860.95,2024-03-29,EFT,Completed,REF-39075869
TXN-000457,CUS-0124,POL-00237,,Premium Payment,1321.74,2021-02-06,Credit Card,Completed,REF-35539836
TXN-000458,CUS-0081,,,Fee,290.04,2021-05-07,Credit Card,Completed,REF-45842449
TXN-000459,CUS-0039,POL-00070,,Claim Payout,29586.75,2023-06-26,Cheque,Pending,REF-94025838
TXN-000460,CUS-0008,,,Fee,417.94,2021-11-03,Credit Card,Completed,REF-10131289
TXN-000461,CUS-0132,POL-00253,,Premium Payment,107.28,2024-05-19,Wire,Failed,REF-18402695
TXN-000462,CUS-0030,,INV-00199,Dividend,2544.3,2020-11-03,Credit Card,Completed,REF-92126467
TXN-000463,CUS-0007,POL-00010,,Premium Payment,57.02,2020-09-28,EFT,Completed,REF-92150325
TXN-000464,CUS-0021,,INV-00151,Investment Purchase,63356.34,2020-10-26,Cheque,Pending,REF-17291181
TXN-000465,CUS-0199,POL-00389,,Claim Payout,7494.93,2025-11-07,Wire,Completed,REF-96177608
TXN-000466,CUS-0037,POL-00068,,Claim Payout,9434.87,2024-02-17,Cheque,Completed,REF-46255095
TXN-000467,CUS-0127,POL-00242,,Premium Payment,1257.0,2024-12-18,Wire,Completed,REF-31785186
TXN-000468,CUS-0115,POL-00217,,Premium Payment,97.92,2024-07-09,Wire,Completed,REF-27452167
TXN-000469,CUS-0089,,INV-00010,Investment Purchase,55990.98,2021-01-12,Wire,Completed,REF-93938382
TXN-000470,CUS-0099,,,Fee,462.31,2021-10-21,EFT,Completed,REF-45372528
TXN-000471,CUS-0135,POL-00259,,Premium Payment,3461.88,2020-10-02,Credit Card,Reversed,REF-37201429
TXN-000472,CUS-0023,POL-00042,,Claim Payout,1250.05,2023-07-10,Credit Card,Completed,REF-37195004
TXN-000473,CUS-0103,POL-00193,,Premium Payment,1584.72,2025-03-28,EFT,Completed,REF-72311256
TXN-000474,CUS-0043,POL-00076,,Premium Payment,4158.48,2020-11-17,EFT,Completed,REF-60979859
TXN-000475,CUS-0193,POL-00374,,Premium Payment,3952.2,2022-09-01,Cheque,Pending,REF-27764558
TXN-000476,CUS-0140,POL-00270,,Claim Payout,224887.6,2024-03-20,Credit Card,Completed,REF-70061004
TXN-000477,CUS-0171,POL-00332,,Premium Payment,1402.98,2023-06-11,EFT,Completed,REF-32641668
TXN-000478,CUS-0083,,,Fee,33.41,2024-06-08,EFT,Completed,REF-22685755
TXN-000479,CUS-0073,POL-00136,,Claim Payout,12207.12,2022-04-19,EFT,Completed,REF-63466917
TXN-000480,CUS-0028,POL-00051,,Claim Payout,5465.01,2025-03-12,Wire,Completed,REF-99560316
TXN-000481,CUS-0048,,INV-00039,Investment Purchase,2387.34,2021-10-23,Wire,Completed,REF-89053312
TXN-000482,CUS-0047,,INV-00053,Investment Purchase,63198.3,2022-12-05,Wire,Completed,REF-33034395
TXN-000483,CUS-0088,,INV-00252,Investment Purchase,78655.06,2024-11-28,Wire,Completed,REF-41088690
TXN-000484,CUS-0139,,,Fee,129.08,2021-04-15,Credit Card,Pending,REF-82948912
TXN-000485,CUS-0082,,INV-00210,Investment Purchase,3886.54,2022-07-26,Wire,Completed,REF-13076093
TXN-000486,CUS-0180,POL-00349,,Claim Payout,159820.1,2026-02-08,Wire,Completed,REF-64060403
TXN-000487,CUS-0031,,INV-00233,Investment Purchase,48353.8,2020-09-07,Wire,Completed,REF-41668661
TXN-000488,CUS-0133,,INV-00076,Dividend,4307.5,2020-03-04,EFT,Completed,REF-60481546
TXN-000489,CUS-0022,,INV-00088,Investment Purchase,18864.45,2023-12-01,Credit Card,Completed,REF-21568108
TXN-000490,CUS-0174,,INV-00188,Dividend,123.42,2023-10-04,Wire,Completed,REF-24079562
TXN-000491,CUS-0104,,INV-00292,Investment Purchase,15883.71,2020-10-25,Credit Card,Completed,REF-19764779
TXN-000492,CUS-0036,,INV-00168,Dividend,2860.94,2025-02-13,EFT,Completed,REF-84829928
TXN-000493,CUS-0198,,INV-00138,Investment Purchase,24286.7,2026-01-28,EFT,Completed,REF-31251627
TXN-000494,CUS-0010,POL-00015,,Premium Payment,2394.54,2020-05-18,Credit Card,Reversed,REF-98894223
TXN-000495,CUS-0111,,,Fee,487.75,2022-10-24,Cheque,Completed,REF-97022836
TXN-000496,CUS-0156,POL-00305,,Premium Payment,818.07,2025-09-28,EFT,Completed,REF-96875210
TXN-000497,CUS-0089,POL-00167,,Premium Payment,138.52,2026-02-13,EFT,Completed,REF-97890180
TXN-000498,CUS-0092,POL-00172,,Claim Payout,12146.41,2026-02-06,Wire,Completed,REF-74102579
TXN-000499,CUS-0197,POL-00383,,Premium Payment,404.38,2020-04-17,Wire,Failed,REF-46896459
TXN-000500,CUS-0020,POL-00038,,Claim Payout,21553.29,2025-03-04,Wire,Completed,REF-61603280
TXN-000501,CUS-0160,,INV-00295,Investment Purchase,91616.51,2025-09-02,Credit Card,Completed,REF-27379520
TXN-000502,CUS-0148,POL-00286,,Premium Payment,188.36,2025-07-16,EFT,Reversed,REF-96343023
TXN-000503,CUS-0175,,INV-00269,Investment Purchase,1064.81,2022-02-01,Credit Card,Completed,REF-59483515
TXN-000504,CUS-0069,POL-00125,,Premium Payment,387.93,2024-01-16,Wire,Completed,REF-61128792
TXN-000505,CUS-0085,,INV-00234,Investment Redemption,28675.08,2020-05-05,Credit Card,Completed,REF-47526885
TXN-000506,CUS-0046,,,Fee,391.41,2023-11-04,Cheque,Pending,REF-43716263
TXN-000507,CUS-0135,POL-00260,,Premium Payment,209.66,2025-03-01,Credit Card,Completed,REF-28838016
TXN-000508,CUS-0157,POL-00307,,Claim Payout,9691.6,2022-10-07,Credit Card,Completed,REF-81498200
TXN-000509,CUS-0069,,INV-00201,Investment Redemption,41600.26,2022-06-29,Credit Card,Pending,REF-83307318
TXN-000510,CUS-0147,,INV-00053,Dividend,1733.92,2021-11-04,Cheque,Completed,REF-35045268
TXN-000511,CUS-0087,,INV-00248,Investment Purchase,18611.96,2023-11-07,Credit Card,Completed,REF-64177174
TXN-000512,CUS-0057,,INV-00114,Dividend,1749.46,2024-02-24,EFT,Completed,REF-85153004
TXN-000513,CUS-0095,,INV-00188,Investment Redemption,1770.13,2025-06-28,Wire,Completed,REF-84985418
TXN-000514,CUS-0157,POL-00307,,Premium Payment,1524.36,2025-06-20,Cheque,Completed,REF-45125720
TXN-000515,CUS-0050,POL-00089,,Premium Payment,533.27,2021-05-06,EFT,Pending,REF-25193029
TXN-000516,CUS-0154,,INV-00248,Dividend,865.83,2022-03-26,Cheque,Completed,REF-88111625
TXN-000517,CUS-0010,POL-00014,,Premium Payment,5429.4,2024-01-31,Cheque,Completed,REF-21838977
TXN-000518,CUS-0117,POL-00220,,Premium Payment,1441.29,2023-08-31,Credit Card,Pending,REF-24391123
TXN-000519,CUS-0045,POL-00082,,Premium Payment,1421.28,2022-05-28,Wire,Pending,REF-80400524
TXN-000520,CUS-0110,POL-00207,,Premium Payment,532.32,2023-07-23,Cheque,Completed,REF-30090581
TXN-000521,CUS-0165,,INV-00056,Investment Purchase,29064.4,2020-12-22,Cheque,Completed,REF-33800125
TXN-000522,CUS-0158,POL-00308,,Claim Payout,34955.9,2025-11-15,EFT,Completed,REF-91211357
TXN-000523,CUS-0034,,INV-00245,Investment Redemption,832.96,2024-01-18,Cheque,Completed,REF-63981512
TXN-000524,CUS-0036,POL-00067,,Premium Payment,345.45,2026-04-02,Wire,Pending,REF-65845729
TXN-000525,CUS-0084,POL-00156,,Premium Payment,1528.8,2025-01-16,Cheque,Completed,REF-50084147
TXN-000526,CUS-0036,,,Fee,251.43,2023-10-15,Cheque,Completed,REF-82658694
TXN-000527,CUS-0188,,INV-00217,Investment Purchase,96489.0,2023-07-23,Cheque,Completed,REF-33860571
TXN-000528,CUS-0078,,INV-00061,Investment Purchase,96795.81,2024-10-19,EFT,Reversed,REF-28270424
TXN-000529,CUS-0002,,INV-00021,Dividend,262.23,2023-06-10,Credit Card,Completed,REF-88696058
TXN-000530,CUS-0060,,INV-00038,Investment Purchase,95887.67,2021-06-21,EFT,Completed,REF-53752119
TXN-000531,CUS-0018,,,Fee,112.09,2023-08-20,EFT,Completed,REF-80033053
TXN-000532,CUS-0163,POL-00318,,Premium Payment,92.07,2026-03-25,EFT,Completed,REF-48105685
TXN-000533,CUS-0134,POL-00256,,Premium Payment,294.78,2024-04-29,Wire,Completed,REF-29337067
TXN-000534,CUS-0177,POL-00343,,Claim Payout,21442.08,2024-12-11,Cheque,Completed,REF-96321540
TXN-000535,CUS-0192,POL-00371,,Claim Payout,14223.18,2021-06-15,Credit Card,Completed,REF-59504107
TXN-000536,CUS-0018,POL-00032,,Premium Payment,2248.56,2021-12-09,EFT,Completed,REF-27948371
TXN-000537,CUS-0017,POL-00030,,Premium Payment,2724.12,2022-03-30,EFT,Completed,REF-94142699
TXN-000538,CUS-0024,POL-00043,,Premium Payment,2162.64,2024-03-24,EFT,Completed,REF-79738269
TXN-000539,CUS-0068,POL-00124,,Premium Payment,589.92,2021-10-17,Wire,Completed,REF-56306069
TXN-000540,CUS-0043,POL-00077,,Premium Payment,3666.12,2024-07-12,EFT,Completed,REF-99275902
TXN-000541,CUS-0047,POL-00085,,Claim Payout,24263.94,2023-08-07,Cheque,Completed,REF-85435906
TXN-000542,CUS-0124,,INV-00070,Investment Purchase,38512.05,2020-05-13,EFT,Completed,REF-78575617
TXN-000543,CUS-0172,,,Fee,373.53,2024-04-15,Credit Card,Pending,REF-23723755
TXN-000544,CUS-0141,POL-00271,,Claim Payout,36055.31,2021-05-10,Credit Card,Completed,REF-18498926
TXN-000545,CUS-0056,POL-00103,,Claim Payout,22423.47,2022-06-08,Credit Card,Failed,REF-13928091
TXN-000546,CUS-0045,POL-00081,,Premium Payment,529.17,2022-05-26,Credit Card,Completed,REF-23530495
TXN-000547,CUS-0084,,INV-00300,Investment Redemption,4230.46,2023-05-26,Credit Card,Completed,REF-41736415
TXN-000548,CUS-0084,,,Fee,330.13,2022-09-28,Credit Card,Completed,REF-52977013
TXN-000549,CUS-0079,,INV-00137,Investment Purchase,42369.66,2025-06-26,Wire,Completed,REF-76183001
TXN-000550,CUS-0101,POL-00190,,Premium Payment,340.17,2022-10-09,Cheque,Failed,REF-45035917
TXN-000551,CUS-0148,,,Fee,407.27,2025-08-02,EFT,Completed,REF-34220993
TXN-000552,CUS-0155,,,Fee,414.19,2024-12-02,Credit Card,Completed,REF-69074819
TXN-000553,CUS-0015,POL-00026,,Premium Payment,22.49,2022-10-06,Wire,Completed,REF-80732751
TXN-000554,CUS-0185,,INV-00058,Dividend,1110.47,2023-08-31,Credit Card,Completed,REF-27538006
TXN-000555,CUS-0173,POL-00335,,Premium Payment,270.91,2021-07-05,Wire,Completed,REF-17286763
TXN-000556,CUS-0045,,INV-00020,Investment Purchase,88453.78,2022-12-22,Wire,Completed,REF-91413784
TXN-000557,CUS-0176,,,Fee,443.56,2025-10-25,Wire,Completed,REF-56883986
TXN-000558,CUS-0178,,INV-00191,Investment Purchase,67067.44,2024-01-03,Wire,Completed,REF-18171310
TXN-000559,CUS-0193,,INV-00021,Investment Redemption,10498.76,2023-02-13,Credit Card,Reversed,REF-62056495
TXN-000560,CUS-0147,,INV-00294,Investment Purchase,32752.68,2025-02-28,Credit Card,Completed,REF-38192623
TXN-000561,CUS-0147,,,Fee,450.28,2021-01-18,Credit Card,Completed,REF-96290143
TXN-000562,CUS-0200,,INV-00179,Investment Purchase,66736.83,2021-01-13,Wire,Completed,REF-47203031
TXN-000563,CUS-0189,,INV-00262,Investment Purchase,20092.28,2022-03-15,Wire,Failed,REF-73095299
TXN-000564,CUS-0176,POL-00342,,Premium Payment,3081.84,2021-01-15,EFT,Completed,REF-29486273
TXN-000565,CUS-0163,POL-00318,,Claim Payout,36721.89,2021-04-18,EFT,Completed,REF-71786427
TXN-000566,CUS-0193,POL-00373,,Claim Payout,49007.31,2020-08-07,EFT,Completed,REF-25560384
TXN-000567,CUS-0104,POL-00194,,Premium Payment,264.06,2021-06-14,EFT,Failed,REF-26234545
TXN-000568,CUS-0009,,INV-00229,Investment Purchase,14462.69,2023-11-05,Wire,Completed,REF-43376439
TXN-000569,CUS-0160,POL-00312,,Premium Payment,1424.64,2022-05-26,Credit Card,Completed,REF-67908044
TXN-000570,CUS-0054,POL-00099,,Claim Payout,195238.57,2022-01-02,Cheque,Completed,REF-79926458
TXN-000571,CUS-0196,POL-00382,,Premium Payment,43.34,2021-12-22,Cheque,Completed,REF-13048008
TXN-000572,CUS-0175,,INV-00203,Investment Redemption,31454.75,2021-07-29,EFT,Failed,REF-87367064
TXN-000573,CUS-0035,,INV-00077,Investment Purchase,60036.0,2024-03-18,Credit Card,Completed,REF-59221290
TXN-000574,CUS-0090,,INV-00195,Dividend,4206.25,2020-09-27,EFT,Pending,REF-38805562
TXN-000575,CUS-0146,,INV-00177,Investment Redemption,6846.06,2025-07-26,EFT,Pending,REF-40717503
TXN-000576,CUS-0031,,INV-00073,Dividend,1413.54,2024-10-02,Cheque,Failed,REF-82429164
TXN-000577,CUS-0079,POL-00146,,Claim Payout,350918.06,2022-05-18,Cheque,Pending,REF-20059485
TXN-000578,CUS-0200,,,Fee,86.52,2021-07-30,EFT,Reversed,REF-66701593
TXN-000579,CUS-0158,POL-00308,,Premium Payment,7829.76,2025-05-17,Wire,Completed,REF-47303237
TXN-000580,CUS-0154,POL-00299,,Premium Payment,894.99,2024-12-19,EFT,Completed,REF-67877622
TXN-000581,CUS-0152,POL-00294,,Claim Payout,170878.17,2024-08-15,Credit Card,Completed,REF-47768705
TXN-000582,CUS-0028,,INV-00176,Investment Purchase,32624.08,2021-10-11,EFT,Pending,REF-39774445
TXN-000583,CUS-0074,,INV-00017,Investment Redemption,12860.02,2021-05-25,Cheque,Completed,REF-64430657
TXN-000584,CUS-0145,,INV-00232,Dividend,1874.4,2023-06-16,Cheque,Completed,REF-69433256
TXN-000585,CUS-0200,,INV-00179,Investment Purchase,37825.01,2024-10-07,Credit Card,Pending,REF-43726394
TXN-000586,CUS-0028,POL-00051,,Claim Payout,5465.01,2022-10-25,EFT,Completed,REF-24839143
TXN-000587,CUS-0016,POL-00027,,Premium Payment,825.36,2025-10-07,Credit Card,Completed,REF-13576286
TXN-000588,CUS-0189,,,Fee,398.34,2026-03-18,Wire,Completed,REF-63504332
TXN-000589,CUS-0024,POL-00043,,Premium Payment,2162.64,2021-10-25,EFT,Completed,REF-83064458
TXN-000590,CUS-0025,POL-00046,,Premium Payment,417.0,2024-02-09,Credit Card,Completed,REF-89557206
TXN-000591,CUS-0185,POL-00361,,Premium Payment,1589.04,2023-11-04,Wire,Completed,REF-21332672
TXN-000592,CUS-0011,POL-00017,,Premium Payment,1371.24,2025-01-29,EFT,Completed,REF-72001364
TXN-000593,CUS-0086,,INV-00041,Investment Redemption,48454.38,2023-03-24,Cheque,Completed,REF-76039568
TXN-000594,CUS-0103,POL-00193,,Premium Payment,1584.72,2021-04-12,EFT,Completed,REF-12339362
TXN-000595,CUS-0047,,INV-00179,Investment Purchase,53637.48,2025-12-03,Wire,Completed,REF-67164456
TXN-000596,CUS-0153,,INV-00130,Investment Redemption,25060.62,2022-04-17,EFT,Completed,REF-54796872
TXN-000597,CUS-0172,POL-00333,,Premium Payment,1055.91,2024-07-06,Wire,Completed,REF-44120982
TXN-000598,CUS-0101,,,Fee,224.04,2021-09-01,EFT,Completed,REF-80412756
TXN-000599,CUS-0036,POL-00067,,Premium Payment,345.45,2020-03-18,Cheque,Completed,REF-64087642
TXN-000600,CUS-0026,POL-00047,,Claim Payout,12407.7,2023-09-15,EFT,Completed,REF-19101470
TXN-000601,CUS-0013,,INV-00229,Investment Redemption,29631.46,2025-03-29,Cheque,Completed,REF-15013131
TXN-000602,CUS-0168,POL-00328,,Premium Payment,3808.8,2022-08-24,EFT,Completed,REF-85553948
TXN-000603,CUS-0182,,INV-00139,Investment Redemption,28921.36,2023-07-14,EFT,Completed,REF-52502178
TXN-000604,CUS-0011,,INV-00131,Investment Redemption,30722.64,2025-08-17,Cheque,Completed,REF-96783043
TXN-000605,CUS-0128,,,Fee,465.34,2024-06-05,Wire,Completed,REF-95749236
TXN-000606,CUS-0017,POL-00030,,Premium Payment,2724.12,2025-03-12,EFT,Completed,REF-65643484
TXN-000607,CUS-0143,POL-00276,,Claim Payout,146782.78,2023-04-13,Wire,Completed,REF-23364967
TXN-000608,CUS-0125,POL-00239,,Premium Payment,788.53,2020-07-20,Cheque,Completed,REF-43318451
TXN-000609,CUS-0045,POL-00082,,Premium Payment,1421.28,2024-11-24,Cheque,Completed,REF-88230673
TXN-000610,CUS-0030,,INV-00229,Investment Purchase,80894.33,2020-10-01,Cheque,Completed,REF-32165081
TXN-000611,CUS-0170,,,Fee,78.39,2022-05-27,Wire,Completed,REF-82551437
TXN-000612,CUS-0028,,,Fee,53.62,2020-08-12,EFT,Pending,REF-94667848
TXN-000613,CUS-0161,,,Fee,137.15,2026-02-13,EFT,Failed,REF-41569450
TXN-000614,CUS-0180,POL-00349,,Claim Payout,159820.1,2025-10-02,Wire,Completed,REF-29677109
TXN-000615,CUS-0022,,,Fee,488.25,2020-04-01,Cheque,Completed,REF-98783194
TXN-000616,CUS-0019,,INV-00280,Investment Purchase,92879.5,2022-12-01,Credit Card,Completed,REF-31570979
TXN-000617,CUS-0116,,INV-00183,Investment Redemption,26336.34,2022-08-12,Wire,Completed,REF-78027985
TXN-000618,CUS-0003,POL-00004,,Claim Payout,31543.51,2020-09-09,Cheque,Pending,REF-82490321
TXN-000619,CUS-0122,POL-00231,,Premium Payment,2905.44,2025-04-22,Credit Card,Completed,REF-35355653
TXN-000620,CUS-0022,POL-00041,,Claim Payout,29986.18,2021-01-09,EFT,Completed,REF-31183715
TXN-000621,CUS-0128,,INV-00139,Investment Purchase,79354.87,2024-09-30,Credit Card,Completed,REF-72191000
TXN-000622,CUS-0101,,INV-00297,Investment Redemption,47191.87,2025-05-08,EFT,Completed,REF-45854181
TXN-000623,CUS-0091,POL-00170,,Premium Payment,2793.0,2021-04-27,EFT,Completed,REF-87977109
TXN-000624,CUS-0091,POL-00170,,Claim Payout,2814.95,2020-06-29,Credit Card,Completed,REF-33760468
TXN-000625,CUS-0173,POL-00335,,Claim Payout,166377.67,2023-09-27,Cheque,Completed,REF-24362489
TXN-000626,CUS-0118,,INV-00298,Investment Redemption,39994.28,2024-06-18,EFT,Completed,REF-91167742
TXN-000627,CUS-0180,,INV-00145,Dividend,4183.68,2024-03-21,Credit Card,Completed,REF-45545064
TXN-000628,CUS-0110,,INV-00014,Dividend,1364.94,2025-09-26,EFT,Completed,REF-69585481
TXN-000629,CUS-0144,POL-00279,,Premium Payment,528.48,2021-02-22,Credit Card,Completed,REF-57723980
TXN-000630,CUS-0063,,INV-00209,Investment Purchase,28246.51,2026-02-17,Credit Card,Completed,REF-45690939
TXN-000631,CUS-0137,,INV-00257,Investment Purchase,23567.25,2020-06-17,Credit Card,Pending,REF-44699521
TXN-000632,CUS-0039,POL-00070,,Claim Payout,30296.15,2020-10-06,EFT,Completed,REF-21969785
TXN-000633,CUS-0055,POL-00100,,Premium Payment,401.55,2022-10-13,Credit Card,Completed,REF-37457064
TXN-000634,CUS-0028,,INV-00120,Investment Redemption,11060.52,2024-07-27,Cheque,Pending,REF-35042392
TXN-000635,CUS-0012,,INV-00131,Dividend,1640.03,2025-09-24,Cheque,Completed,REF-12943511
TXN-000636,CUS-0093,,INV-00143,Dividend,3764.86,2025-07-22,EFT,Completed,REF-92715650
TXN-000637,CUS-0082,POL-00150,,Premium Payment,5893.56,2022-03-02,Cheque,Completed,REF-13792316
TXN-000638,CUS-0107,,INV-00206,Investment Redemption,42333.83,2025-04-09,Wire,Completed,REF-18768924
TXN-000639,CUS-0033,,INV-00133,Investment Redemption,29930.09,2026-02-16,EFT,Completed,REF-63781664
TXN-000640,CUS-0142,POL-00272,,Claim Payout,7995.11,2021-01-31,Wire,Completed,REF-46355566
TXN-000641,CUS-0027,POL-00049,,Claim Payout,42066.86,2022-01-26,Wire,Failed,REF-45571248
TXN-000642,CUS-0158,,INV-00276,Investment Purchase,62123.26,2022-10-16,Wire,Completed,REF-93019717
TXN-000643,CUS-0080,,INV-00260,Investment Purchase,38735.08,2023-07-03,EFT,Completed,REF-53933035
TXN-000644,CUS-0067,POL-00122,,Premium Payment,5901.0,2020-07-20,Credit Card,Completed,REF-90410932
TXN-000645,CUS-0015,,INV-00245,Investment Purchase,99473.72,2022-10-06,Wire,Completed,REF-15971136
TXN-000646,CUS-0019,POL-00035,,Claim Payout,189248.86,2020-11-17,EFT,Completed,REF-40476715
TXN-000647,CUS-0138,,,Fee,378.83,2026-03-24,Credit Card,Pending,REF-66539060
TXN-000648,CUS-0106,POL-00198,,Premium Payment,62.8,2021-02-13,Cheque,Completed,REF-53976954
TXN-000649,CUS-0015,POL-00026,,Claim Payout,24532.65,2020-07-20,Cheque,Completed,REF-28238410
TXN-000650,CUS-0149,POL-00288,,Premium Payment,5052.0,2022-01-02,Wire,Completed,REF-60337643
TXN-000651,CUS-0071,,INV-00286,Investment Purchase,61725.66,2024-11-01,EFT,Completed,REF-53872350
TXN-000652,CUS-0068,,INV-00083,Investment Redemption,1210.58,2023-06-26,Cheque,Completed,REF-75770619
TXN-000653,CUS-0088,,INV-00276,Investment Redemption,44676.95,2025-01-19,Cheque,Completed,REF-52806362
TXN-000654,CUS-0050,,INV-00260,Dividend,4036.06,2020-04-28,Credit Card,Completed,REF-59597432
TXN-000655,CUS-0104,POL-00195,,Premium Payment,213.08,2021-06-19,Credit Card,Pending,REF-66201522
TXN-000656,CUS-0075,POL-00138,,Premium Payment,81.84,2021-03-20,Cheque,Completed,REF-91020593
TXN-000657,CUS-0059,,INV-00028,Investment Purchase,1906.45,2024-10-08,Credit Card,Completed,REF-25893296
TXN-000658,CUS-0076,POL-00139,,Premium Payment,357.05,2025-01-25,Wire,Completed,REF-98133285
TXN-000659,CUS-0103,POL-00193,,Claim Payout,38308.54,2020-10-02,EFT,Completed,REF-20611935
TXN-000660,CUS-0182,POL-00354,,Premium Payment,7794.36,2021-01-13,Cheque,Completed,REF-81592930
TXN-000661,CUS-0164,,INV-00199,Investment Redemption,49671.99,2020-01-26,EFT,Completed,REF-24542202
TXN-000662,CUS-0133,POL-00255,,Claim Payout,24319.42,2025-07-18,Credit Card,Reversed,REF-36291079
TXN-000663,CUS-0045,,,Fee,293.14,2024-01-07,EFT,Completed,REF-46667896
TXN-000664,CUS-0184,POL-00359,,Claim Payout,8488.76,2022-12-13,Wire,Pending,REF-20219296
TXN-000665,CUS-0029,POL-00052,,Premium Payment,559.02,2020-08-07,Cheque,Completed,REF-40710031
TXN-000666,CUS-0123,,INV-00176,Investment Redemption,11784.81,2023-11-17,Wire,Completed,REF-81442747
TXN-000667,CUS-0142,POL-00274,,Premium Payment,285.48,2021-11-22,Cheque,Completed,REF-78995442
TXN-000668,CUS-0033,POL-00062,,Premium Payment,516.87,2026-04-02,Credit Card,Completed,REF-77573618
TXN-000669,CUS-0065,POL-00116,,Premium Payment,2127.84,2023-01-04,Wire,Completed,REF-44153671
TXN-000670,CUS-0095,POL-00177,,Premium Payment,891.03,2025-03-28,Credit Card,Completed,REF-36415300
TXN-000671,CUS-0020,,,Fee,64.59,2022-03-03,Wire,Completed,REF-48314592
TXN-000672,CUS-0158,,INV-00252,Investment Redemption,34267.52,2020-12-13,Wire,Completed,REF-37686424
TXN-000673,CUS-0076,POL-00141,,Premium Payment,446.58,2021-11-12,EFT,Completed,REF-35719895
TXN-000674,CUS-0143,,,Fee,274.06,2021-11-26,Wire,Pending,REF-57463440
TXN-000675,CUS-0168,,INV-00278,Investment Redemption,3508.52,2020-10-02,Wire,Completed,REF-43143453
TXN-000676,CUS-0066,,,Fee,171.19,2022-03-07,Credit Card,Completed,REF-53620722
TXN-000677,CUS-0129,,INV-00075,Investment Redemption,13704.88,2022-07-28,Credit Card,Completed,REF-51014748
TXN-000678,CUS-0180,POL-00348,,Premium Payment,8558.28,2025-10-09,Wire,Completed,REF-69128491
TXN-000679,CUS-0074,POL-00137,,Claim Payout,373797.28,2024-10-06,Credit Card,Completed,REF-47427169
TXN-000680,CUS-0172,POL-00334,,Premium Payment,166.65,2022-12-07,EFT,Completed,REF-81368528
TXN-000681,CUS-0137,POL-00263,,Premium Payment,203.53,2020-09-27,Credit Card,Completed,REF-70443135
TXN-000682,CUS-0142,,INV-00055,Investment Redemption,1270.69,2023-08-05,EFT,Completed,REF-29741221
TXN-000683,CUS-0129,,INV-00263,Investment Purchase,66445.98,2026-01-16,Wire,Completed,REF-88695322
TXN-000684,CUS-0199,,INV-00080,Investment Purchase,88595.12,2020-09-06,Cheque,Completed,REF-74591054
TXN-000685,CUS-0035,,INV-00246,Investment Purchase,11360.76,2025-01-14,Cheque,Completed,REF-60578899
TXN-000686,CUS-0023,POL-00042,,Premium Payment,226.42,2022-10-31,Credit Card,Completed,REF-37344860
TXN-000687,CUS-0167,,,Fee,120.93,2025-01-15,Credit Card,Completed,REF-41979677
TXN-000688,CUS-0027,,INV-00078,Investment Purchase,97602.81,2026-03-01,Wire,Completed,REF-31087800
TXN-000689,CUS-0146,,INV-00108,Dividend,4917.86,2025-10-18,EFT,Pending,REF-87587787
TXN-000690,CUS-0055,,INV-00086,Investment Purchase,15424.86,2020-07-02,EFT,Pending,REF-34845617
TXN-000691,CUS-0001,POL-00001,,Premium Payment,1682.88,2020-09-15,Wire,Completed,REF-71915863
TXN-000692,CUS-0030,POL-00055,,Claim Payout,81611.79,2020-05-02,Wire,Completed,REF-61839427
TXN-000693,CUS-0141,POL-00271,,Premium Payment,399.27,2023-04-25,Wire,Completed,REF-22474259
TXN-000694,CUS-0186,POL-00362,,Premium Payment,1311.48,2026-03-15,Cheque,Completed,REF-97224832
TXN-000695,CUS-0022,POL-00041,,Premium Payment,227.43,2025-05-30,Credit Card,Completed,REF-36170767
TXN-000696,CUS-0105,POL-00197,,Premium Payment,633.33,2021-02-04,Credit Card,Completed,REF-12268507
TXN-000697,CUS-0193,POL-00374,,Claim Payout,13881.23,2022-01-17,Cheque,Completed,REF-54214537
TXN-000698,CUS-0151,,INV-00195,Dividend,2215.8,2020-11-01,EFT,Completed,REF-68507072
TXN-000699,CUS-0172,POL-00333,,Claim Payout,48228.36,2024-09-24,EFT,Completed,REF-11750455
TXN-000700,CUS-0101,,INV-00190,Dividend,1530.5,2020-12-20,Credit Card,Completed,REF-47875241
TXN-000701,CUS-0115,POL-00217,,Premium Payment,97.92,2021-02-15,Cheque,Completed,REF-93028933
TXN-000702,CUS-0134,POL-00256,,Claim Payout,18680.57,2026-04-19,Wire,Completed,REF-66329894
TXN-000703,CUS-0076,,INV-00284,Investment Purchase,14941.84,2025-12-28,Wire,Completed,REF-31381637
TXN-000704,CUS-0118,POL-00223,,Claim Payout,26633.75,2026-01-20,EFT,Completed,REF-73414980
TXN-000705,CUS-0175,,INV-00249,Investment Purchase,78377.34,2020-10-24,Cheque,Completed,REF-89371251
TXN-000706,CUS-0093,POL-00174,,Claim Payout,42272.7,2025-02-04,EFT,Pending,REF-89819497
TXN-000707,CUS-0006,POL-00008,,Premium Payment,1295.79,2021-06-27,Cheque,Completed,REF-71008953
TXN-000708,CUS-0162,,,Fee,265.77,2026-04-08,Credit Card,Pending,REF-61021584
TXN-000709,CUS-0021,POL-00039,,Premium Payment,3660.96,2024-02-18,EFT,Failed,REF-71872428
TXN-000710,CUS-0131,POL-00251,,Claim Payout,48590.01,2021-04-27,Wire,Completed,REF-49028814
TXN-000711,CUS-0172,,INV-00071,Investment Redemption,24669.75,2024-04-26,EFT,Completed,REF-22961673
TXN-000712,CUS-0166,,INV-00283,Investment Purchase,15320.69,2021-01-11,Wire,Completed,REF-28491280
TXN-000713,CUS-0046,POL-00084,,Claim Payout,13369.21,2021-07-31,Wire,Completed,REF-54864614
TXN-000714,CUS-0020,,INV-00231,Investment Purchase,6286.06,2022-12-18,Cheque,Completed,REF-45755742
TXN-000715,CUS-0027,,INV-00284,Dividend,1765.73,2023-04-17,EFT,Completed,REF-52810146
TXN-000716,CUS-0130,POL-00248,,Claim Payout,642.86,2021-08-02,Cheque,Completed,REF-76698823
TXN-000717,CUS-0182,,,Fee,291.52,2020-07-22,Wire,Completed,REF-39468480
TXN-000718,CUS-0088,,INV-00210,Dividend,1411.79,2020-08-04,Credit Card,Completed,REF-28255279
TXN-000719,CUS-0121,POL-00228,,Premium Payment,845.61,2025-08-22,Cheque,Completed,REF-47580770
TXN-000720,CUS-0023,POL-00042,,Premium Payment,226.42,2025-10-31,Credit Card,Completed,REF-31598016
TXN-000721,CUS-0184,,INV-00232,Investment Purchase,24796.68,2021-07-12,EFT,Reversed,REF-62275935
TXN-000722,CUS-0139,,INV-00192,Dividend,80.92,2020-09-26,Cheque,Completed,REF-85491870
TXN-000723,CUS-0193,,INV-00031,Investment Purchase,10055.22,2024-03-02,Credit Card,Reversed,REF-72253115
TXN-000724,CUS-0028,,,Fee,490.72,2020-12-18,Wire,Completed,REF-20854298
TXN-000725,CUS-0012,,INV-00186,Investment Redemption,11756.93,2024-12-09,Credit Card,Completed,REF-36791143
TXN-000726,CUS-0119,POL-00225,,Premium Payment,2181.0,2024-10-28,EFT,Completed,REF-10617870
TXN-000727,CUS-0066,,INV-00045,Dividend,4392.42,2023-07-03,Cheque,Completed,REF-49330568
TXN-000728,CUS-0166,POL-00324,,Premium Payment,585.48,2025-11-07,Credit Card,Completed,REF-65314483
TXN-000729,CUS-0153,POL-00297,,Premium Payment,1038.39,2023-02-16,EFT,Reversed,REF-65488239
TXN-000730,CUS-0023,,,Fee,480.07,2025-10-09,Wire,Failed,REF-37136755
TXN-000731,CUS-0138,,,Fee,50.49,2020-10-16,Cheque,Completed,REF-16094013
TXN-000732,CUS-0199,POL-00389,,Premium Payment,7071.96,2022-06-27,EFT,Completed,REF-72850412
TXN-000733,CUS-0055,,,Fee,485.7,2024-01-14,Credit Card,Completed,REF-55284404
TXN-000734,CUS-0039,,,Fee,216.13,2020-09-04,Cheque,Completed,REF-83238590
TXN-000735,CUS-0191,POL-00370,,Claim Payout,22666.33,2026-02-22,Cheque,Completed,REF-50208372
TXN-000736,CUS-0129,,INV-00100,Dividend,2758.45,2021-12-25,Credit Card,Completed,REF-61355068
TXN-000737,CUS-0162,,INV-00153,Dividend,2059.17,2021-07-18,Cheque,Completed,REF-54827714
TXN-000738,CUS-0114,POL-00216,,Premium Payment,4805.76,2020-07-24,Wire,Completed,REF-93198164
TXN-000739,CUS-0021,POL-00040,,Premium Payment,258.18,2024-06-14,Credit Card,Completed,REF-11306363
TXN-000740,CUS-0139,,INV-00171,Investment Purchase,90329.02,2023-08-22,Wire,Completed,REF-94415442
TXN-000741,CUS-0188,,INV-00015,Investment Purchase,66942.16,2021-02-20,EFT,Pending,REF-21184988
TXN-000742,CUS-0119,,INV-00260,Dividend,4709.95,2021-01-23,EFT,Completed,REF-29102432
TXN-000743,CUS-0076,POL-00141,,Premium Payment,446.58,2024-12-28,EFT,Completed,REF-33776348
TXN-000744,CUS-0007,POL-00010,,Premium Payment,57.02,2024-02-28,Cheque,Failed,REF-45976961
TXN-000745,CUS-0022,,INV-00091,Investment Purchase,99822.88,2020-12-04,Credit Card,Completed,REF-68752116
TXN-000746,CUS-0145,,INV-00183,Dividend,4366.02,2020-08-31,Wire,Completed,REF-16814758
TXN-000747,CUS-0029,POL-00053,,Premium Payment,5818.08,2022-05-28,Credit Card,Pending,REF-56576842
TXN-000748,CUS-0168,,INV-00133,Dividend,2228.77,2023-10-23,Cheque,Completed,REF-15882210
TXN-000749,CUS-0127,,INV-00052,Dividend,3836.68,2022-02-22,Wire,Pending,REF-89854240
TXN-000750,CUS-0091,,INV-00188,Investment Purchase,64747.42,2022-08-02,EFT,Completed,REF-16461845
TXN-000751,CUS-0101,POL-00190,,Premium Payment,340.17,2022-06-04,EFT,Reversed,REF-37281556
TXN-000752,CUS-0149,,INV-00061,Investment Purchase,1297.42,2023-11-27,EFT,Completed,REF-38791442
TXN-000753,CUS-0130,POL-00249,,Claim Payout,3688.27,2026-02-01,EFT,Completed,REF-39713306
TXN-000754,CUS-0087,,INV-00090,Dividend,4801.23,2024-01-11,Credit Card,Completed,REF-60170562
TXN-000755,CUS-0088,,INV-00076,Investment Purchase,5524.76,2024-05-07,EFT,Completed,REF-64701384
TXN-000756,CUS-0146,,INV-00296,Dividend,114.59,2020-03-19,Wire,Completed,REF-83483941
TXN-000757,CUS-0140,POL-00270,,Premium Payment,6081.0,2024-12-04,EFT,Completed,REF-42431822
TXN-000758,CUS-0129,,INV-00137,Dividend,3487.22,2021-05-28,Credit Card,Completed,REF-98880638
TXN-000759,CUS-0074,POL-00137,,Premium Payment,271.8,2024-03-15,EFT,Pending,REF-10373002
TXN-000760,CUS-0118,POL-00224,,Claim Payout,38058.76,2021-10-05,EFT,Completed,REF-39254929
TXN-000761,CUS-0090,POL-00168,,Premium Payment,268.11,2020-10-25,Wire,Completed,REF-52024054
TXN-000762,CUS-0101,POL-00189,,Premium Payment,1219.95,2023-03-16,Cheque,Completed,REF-34665225
TXN-000763,CUS-0161,,INV-00096,Investment Purchase,66487.65,2021-09-04,Credit Card,Completed,REF-51300844
TXN-000764,CUS-0025,POL-00044,,Premium Payment,300.83,2020-03-03,EFT,Completed,REF-86680961
TXN-000765,CUS-0108,POL-00201,,Premium Payment,50.55,2023-12-29,Wire,Completed,REF-78509660
TXN-000766,CUS-0004,POL-00006,,Premium Payment,869.28,2021-04-22,Wire,Completed,REF-69602309
TXN-000767,CUS-0035,POL-00066,,Premium Payment,6357.24,2023-02-27,Cheque,Pending,REF-71275566
TXN-000768,CUS-0145,POL-00281,,Premium Payment,230.16,2023-08-17,Credit Card,Pending,REF-21774497
TXN-000769,CUS-0189,POL-00367,,Premium Payment,1431.36,2023-06-30,EFT,Completed,REF-40996935
TXN-000770,CUS-0062,,INV-00215,Dividend,3371.63,2022-01-03,Credit Card,Completed,REF-71414425
TXN-000771,CUS-0134,POL-00256,,Claim Payout,4348.02,2025-03-07,EFT,Reversed,REF-89971987
TXN-000772,CUS-0114,POL-00216,,Premium Payment,4805.76,2021-01-07,Credit Card,Pending,REF-40286199
TXN-000773,CUS-0141,,INV-00004,Investment Redemption,9456.16,2024-11-02,Credit Card,Completed,REF-23284153
TXN-000774,CUS-0156,,INV-00088,Investment Purchase,7684.99,2025-11-18,Wire,Completed,REF-10573904
TXN-000775,CUS-0145,,INV-00049,Investment Purchase,43939.75,2021-04-04,Credit Card,Completed,REF-81877693
TXN-000776,CUS-0141,POL-00271,,Claim Payout,36651.34,2023-07-05,Wire,Completed,REF-73142083
TXN-000777,CUS-0177,POL-00343,,Premium Payment,7782.72,2024-04-12,EFT,Completed,REF-16757047
TXN-000778,CUS-0198,,INV-00174,Investment Redemption,45899.81,2025-05-14,Credit Card,Completed,REF-19015235
TXN-000779,CUS-0097,,INV-00080,Investment Purchase,51343.51,2025-05-18,Cheque,Pending,REF-54519864
TXN-000780,CUS-0080,,INV-00028,Dividend,3303.91,2025-10-05,Wire,Completed,REF-31812203
TXN-000781,CUS-0046,POL-00083,,Premium Payment,379.77,2023-04-21,Credit Card,Completed,REF-28155669
TXN-000782,CUS-0040,,INV-00031,Investment Purchase,25944.24,2023-02-10,Cheque,Completed,REF-97890289
TXN-000783,CUS-0034,POL-00064,,Premium Payment,841.92,2020-09-27,Cheque,Completed,REF-87480448
TXN-000784,CUS-0051,,INV-00006,Investment Purchase,67639.5,2020-02-23,Credit Card,Completed,REF-16805868
TXN-000785,CUS-0183,POL-00356,,Premium Payment,161.67,2022-06-16,Credit Card,Pending,REF-68909058
TXN-000786,CUS-0033,POL-00062,,Claim Payout,9057.32,2022-09-25,Credit Card,Completed,REF-15560483
TXN-000787,CUS-0195,,,Fee,74.01,2021-01-18,EFT,Completed,REF-64647821
TXN-000788,CUS-0051,POL-00091,,Premium Payment,3937.44,2020-08-23,Credit Card,Completed,REF-69051822
TXN-000789,CUS-0092,POL-00173,,Claim Payout,45203.12,2021-01-28,Credit Card,Completed,REF-27719312
TXN-000790,CUS-0176,,INV-00012,Investment Redemption,32762.18,2021-01-02,EFT,Completed,REF-73038907
TXN-000791,CUS-0156,POL-00303,,Premium Payment,5980.44,2021-10-13,Credit Card,Completed,REF-26016420
TXN-000792,CUS-0008,,INV-00135,Dividend,1277.31,2026-01-25,EFT,Pending,REF-93226902
TXN-000793,CUS-0042,POL-00075,,Claim Payout,28590.71,2022-04-11,Wire,Failed,REF-75343616
TXN-000794,CUS-0015,POL-00026,,Premium Payment,22.49,2024-07-20,Cheque,Completed,REF-66060603
TXN-000795,CUS-0101,,,Fee,235.65,2020-06-15,Wire,Completed,REF-30531509
TXN-000796,CUS-0132,POL-00253,,Premium Payment,107.28,2024-01-22,Cheque,Completed,REF-88009158
TXN-000797,CUS-0196,POL-00382,,Premium Payment,43.34,2023-05-15,Wire,Completed,REF-67912960
TXN-000798,CUS-0051,POL-00091,,Claim Payout,14915.93,2022-02-11,Wire,Completed,REF-56142700
TXN-000799,CUS-0166,POL-00324,,Premium Payment,585.48,2021-11-16,Credit Card,Completed,REF-32675186
TXN-000800,CUS-0112,POL-00213,,Claim Payout,14763.19,2020-12-28,Credit Card,Completed,REF-44323019
